Year,State,State_Population,Total_Charges,Gov_Party,White_Male_Pop,White_Female_Pop,Black_Male_Pop,Black_Female_Pop,Native_American_Male_Pop,Native_American_Female_Pop,Asian_Male_Pop,Asian_Female_Pop,Hispanic_Male_Pop,Hispanic_Female_Pop
2010,Alabama,4785437,3493,R,1586707,1657199,590195,676930,13957,14460,28422,31550,88696,70303
2011,Alabama,4799069,3154,R,1587864,1657790,593083,680873,14015,14517,29285,32887,89426,72962
2012,Alabama,4815588,3246,R,1589395,1659102,598011,685594,14074,14605,31058,34904,88800,74000
2013,Alabama,4830081,3105,R,1589733,1659143,603103,690064,14112,14694,32194,36455,89170,75676
2014,Alabama,4841799,2879,R,1589654,1659436,606338,694059,14251,14817,33146,37676,89763,77193
2015,Alabama,4852347,2802,R,1587903,1658295,610070,697861,14347,14898,34310,38998,91036,79033
2016,Alabama,4863525,3371,R,1586539,1658177,612188,700995,14403,14905,35507,40444,93159,81771
2017,Alabama,4874486,2522,R,1585355,1658142,613336,704890,14459,14983,36522,41578,95171,84263
2018,Alabama,4887681,2488,R,1584997,1659125,614827,708359,14532,15051,37203,42253,97855,87290
2019,Alabama,4903185,2108,R,1586508,1662177,616599,711012,14652,15202,37912,43114,99956,90070
2020,Alabama,5024279,1539,R,1587080,1663745,618075,713789,14753,15449,38387,43697,102042,92622
2010,Alaska,713910,120,R,253419,226862,15699,12884,58264,57227,23702,25914,15183,14443
2011,Alaska,722128,79,R,254385,228174,16200,13219,58887,57828,24737,26841,16064,15166
2012,Alaska,730443,100,R,255425,228357,16982,13602,59315,58272,25830,27906,17498,16084
2013,Alaska,737068,98,R,256351,227781,17517,13836,59956,58551,27037,29057,18817,16731
2014,Alaska,736283,77,I,254785,225893,17523,13707,60286,58764,27549,29464,19334,17292
2015,Alaska,737498,77,I,253884,224895,17573,13699,60517,59035,28197,30250,19720,17569
2016,Alaska,741456,95,I,253460,224587,17873,14119,60789,59291,29257,31364,20203,18125
2017,Alaska,739700,101,I,250153,222490,17944,14416,60818,59496,30234,32427,20634,18574
2018,Alaska,735139,71,I,247189,220535,17952,14396,60867,59605,30250,32461,20675,18577
2019,Alaska,731545,60,R,245250,218718,17836,14314,60906,59594,30578,32785,20839,18620
2020,Alaska,733391,56,R,243723,217454,17809,14145,61032,59700,30784,32955,20815,18612
2010,Arizona,6407172,2486,R,1860391,1903092,141661,128796,131490,138533,94493,105518,873379,867246
2011,Arizona,6472643,2854,R,1867587,1908900,145796,132227,133218,140166,98919,110583,887671,881113
2012,Arizona,6554978,2920,R,1878330,1920173,150634,136849,134913,142137,103665,115319,904554,897485
2013,Arizona,6632764,2803,R,1886033,1929344,154925,141327,136418,144089,108848,120647,921400,914675
2014,Arizona,6730413,2644,R,1900119,1943413,159927,146374,138099,145825,114406,126415,941935,933685
2015,Arizona,6829676,2396,R,1913146,1957693,165754,152243,139108,147016,118996,131153,964630,954255
2016,Arizona,6941072,2324,R,1930273,1975096,171971,159208,140304,148691,124743,137330,985743,975825
2017,Arizona,7044008,1988,R,1945091,1990996,177464,165245,141444,149971,128798,141759,1006929,997331
2018,Arizona,7158024,1768,R,1966321,2011620,183735,172058,142622,151563,131921,145484,1029056,1019624
2019,Arizona,7278717,1729,R,1988931,2036010,190660,178922,143786,152982,136669,150726,1052540,1043257
2020,Arizona,7151502,1602,R,2013357,2062065,197402,185879,144658,154248,141290,155583,1075439,1067068
2010,Arkansas,2921964,1709,D,1083393,1123270,218948,241536,11094,11511,21347,23447,91267,79922
2011,Arkansas,2940667,1666,D,1086691,1126427,220726,243188,11296,11657,22720,24929,94112,82715
2012,Arkansas,2952164,2374,D,1087195,1126632,221756,244315,11581,11899,24481,26257,96391,85313
2013,Arkansas,2959400,1524,D,1086327,1126032,223189,245640,11689,11961,25226,26979,98270,87768
2014,Arkansas,2967392,1339,D,1086077,1125576,224524,246817,11783,12200,26175,27929,100031,89872
2015,Arkansas,2978048,1372,R,1086496,1125036,226348,248434,11957,12339,27322,29004,102156,92345
2016,Arkansas,2989918,1473,R,1086304,1125313,227885,249974,12139,12570,29019,30227,104489,94685
2017,Arkansas,3001345,1371,R,1086700,1125359,228748,251277,12375,12757,30215,31346,107248,97558
2018,Arkansas,3009733,1151,R,1085966,1125338,229362,252630,12553,12965,30771,31944,109390,100138
2019,Arkansas,3017804,1200,R,1084970,1125387,230231,253716,12626,13129,31707,32680,111946,102787
2020,Arkansas,3011524,1093,R,1084007,1125557,230345,254530,12791,13314,33145,33670,114784,105727
2010,California,37319502,7161,R,7703240,7775263,1168005,1197647,101970,106333,2472441,2733690,6485873,6349764
2011,California,37638369,7166,R,7694664,7760471,1174187,1203377,102055,106503,2530182,2798251,6570212,6453443
2012,California,37948800,7399,D,7696896,7750306,1180896,1207708,102453,106887,2588143,2861887,6646787,6542479
2013,California,38260787,6892,D,7691176,7738147,1184815,1211852,102455,106979,2654854,2934083,6722235,6629005
2014,California,38596972,6363,D,7689214,7726870,1194036,1217123,102568,107117,2726600,3011255,6801591,6713121
2015,California,38918045,6199,D,7679720,7704455,1200754,1221495,102683,107185,2804549,3095679,6879891,6791513
2016,California,39167117,5870,D,7650034,7665916,1205384,1224372,102549,106972,2873456,3168504,6951287,6865356
2017,California,39358497,5423,D,7607356,7613171,1212071,1226862,102509,106947,2940080,3236867,7012033,6926086
2018,California,39461588,4344,D,7550850,7548418,1217143,1228304,102038,106595,2991402,3289978,7057922,6974406
2019,California,39512223,4276,D,7468663,7464466,1220031,1228142,101146,105761,3031302,3329955,7089507,7009742
2020,California,39538223,4130,D,7365392,7356288,1222455,1226724,100067,104778,3062540,3360054,7118456,7041079
2010,Colorado,5047349,2133,D,1791043,1799086,114056,102304,18943,18747,72977,85812,481975,462217
2011,Colorado,5121108,1986,D,1810181,1817626,116656,104530,19190,19123,75822,89144,493167,473789
2012,Colorado,5192647,1956,D,1831362,1836597,119709,107225,19464,19286,78922,92651,501125,482369
2013,Colorado,5269035,2058,D,1854170,1856923,123235,110069,19746,19691,82149,96081,509625,491220
2014,Colorado,5350101,1803,D,1878259,1877280,127413,112893,20120,19945,85596,99754,519808,500818
2015,Colorado,5450623,1906,D,1909380,1903478,131445,116038,20553,20488,90080,104580,532075,511828
2016,Colorado,5539215,1994,D,1936271,1926518,135071,118795,20878,20948,93819,108655,543146,522065
2017,Colorado,5611885,1688,D,1956311,1943286,137936,120891,21251,21192,97311,112067,553573,532668
2018,Colorado,5691287,1354,D,1975380,1962044,141345,124017,21622,21604,101184,115818,565339,544164
2019,Colorado,5758736,1322,D,1992305,1975819,144030,125938,21812,21863,103396,118273,574293,552732
2020,Colorado,5773714,1155,D,2002532,1985498,146622,127925,22018,22120,105995,120762,581934,560945
2010,Connecticut,3579114,295,R,1255312,1328316,171154,187842,4427,4593,70358,74770,203524,202084
2011,Connecticut,3588283,262,D,1249243,1320506,173067,189617,4497,4679,72734,77472,209454,208362
2012,Connecticut,3594547,279,D,1241600,1310813,175140,191531,4587,4788,75185,80572,215168,214625
2013,Connecticut,3594841,294,D,1232735,1300482,177451,193495,4672,4853,76304,82010,220443,219937
2014,Connecticut,3594524,270,D,1222946,1288709,178843,195184,4749,4898,79270,85097,225514,224949
2015,Connecticut,3587122,238,D,1210440,1274986,180384,196943,4829,4889,81839,87320,229640,229462
2016,Connecticut,3578141,253,D,1197654,1261068,181759,198530,4834,4856,83382,89060,234058,234523
2017,Connecticut,3573297,264,D,1185691,1247565,183386,200447,4841,4853,84891,90600,238886,240126
2018,Connecticut,3571520,214,D,1173633,1234533,184965,202676,4895,4838,86610,92083,244905,247191
2019,Connecticut,3565287,288,D,1160841,1220869,187261,205099,4910,4855,87828,93278,248158,251179
2020,Connecticut,3605944,218,D,1147913,1206688,189556,207316,4883,4873,88696,94152,251942,255513
2010,Delaware,899593,175,D,288664,307408,92466,103302,1612,1684,14794,15982,31178,28358
2011,Delaware,907381,228,D,289275,308072,93854,104978,1623,1688,15456,16673,32050,29404
2012,Delaware,915179,184,D,290552,309032,95038,106427,1646,1666,16023,17235,32883,30212
2013,Delaware,923576,156,D,291456,310126,96269,108092,1644,1731,17121,18103,33415,31062
2014,Delaware,932487,155,D,292576,311447,97861,109773,1651,1740,17900,18747,34145,31829
2015,Delaware,941252,168,D,293228,312442,99606,111540,1631,1735,18764,19641,34963,32504
2016,Delaware,948921,168,D,293796,313265,101228,113324,1642,1770,19190,20216,35613,33460
2017,Delaware,956823,137,D,293970,314010,102852,114921,1659,1789,19627,20565,36790,34543
2018,Delaware,965479,153,D,294456,314767,104510,116945,1681,1816,20359,21044,37771,35678
2019,Delaware,973764,193,D,295139,315805,106364,118959,1655,1826,21063,21703,38654,36643
2020,Delaware,989948,211,D,296209,317408,108274,121009,1664,1819,21240,22108,39685,37666
2010,Florida,18845537,7779,R,5423682,5642786,1424055,1539505,27147,27190,236965,274265,1947757,2000593
2011,Florida,19053237,8088,R,5432227,5647005,1455458,1568990,27626,27510,244607,283037,2000162,2054584
2012,Florida,19297822,7940,R,5455039,5669045,1482689,1601067,28072,27982,252428,292405,2053037,2111966
2013,Florida,19545621,7597,R,5476529,5688180,1507546,1628161,28298,28072,260424,301794,2114549,2176099
2014,Florida,19845911,7528,R,5515222,5727912,1534979,1657296,28796,28621,269324,312010,2179184,2243416
2015,Florida,20209042,7158,R,5570966,5784540,1564739,1686434,29256,29110,279198,323659,2254924,2320991
2016,Florida,20613477,7610,R,5631482,5850077,1594600,1718581,29683,29604,291090,337137,2340907,2409002
2017,Florida,20963613,6858,R,5671383,5894072,1621161,1748195,29886,30177,301456,349464,2423923,2493662
2018,Florida,21244317,6617,R,5694176,5920595,1643541,1771886,30152,30419,309464,358348,2496401,2568335
2019,Florida,21477737,5990,R,5718401,5950837,1663075,1792744,30431,30677,317365,367164,2549963,2623672
2020,Florida,21538187,5868,R,5745470,5985424,1680218,1810830,30648,31054,324448,375483,2605070,2680047
2010,Georgia,9711881,5771,R,2703171,2796079,1399259,1590328,11997,12643,165441,176537,396583,335282
2011,Georgia,9802431,5599,R,2711932,2801987,1425236,1613868,12104,12804,171615,183120,399343,342244
2012,Georgia,9901430,5903,R,2725577,2813198,1446954,1636949,12372,13006,179668,191909,401752,348672
2013,Georgia,9972479,5162,R,2727535,2816214,1464372,1659430,12602,13100,187906,200041,403344,354347
2014,Georgia,10067278,4820,R,2734454,2823249,1486403,1687535,12719,13282,195219,207746,408111,361777
2015,Georgia,10178447,5234,R,2742194,2831477,1510407,1718157,12878,13469,204076,216631,416669,371953
2016,Georgia,10301890,5273,R,2749754,2840547,1536279,1749848,13007,13740,214141,228423,427776,383793
2017,Georgia,10410330,4894,R,2753413,2846952,1561516,1779183,13090,13910,222757,237339,437686,395014
2018,Georgia,10511131,4919,R,2756871,2851511,1585207,1807344,13243,14127,230048,245135,448095,406568
2019,Georgia,10617423,4779,R,2761910,2858448,1609556,1836972,13429,14363,237764,253498,458089,417456
2020,Georgia,10711908,4025,R,2759921,2859089,1628586,1861860,13631,14583,243933,260473,467640,427913
2010,Hawaii,1363963,275,D,193077,167858,17779,11871,1881,1615,408667,439101,26335,24380
2011,Hawaii,1379329,346,D,193651,168331,18729,12730,1860,1660,411799,443005,28161,25682
2012,Hawaii,1394804,319,D,195237,169214,19743,13277,1906,1633,414596,446329,30118,26983
2013,Hawaii,1408243,358,D,197625,170621,20386,13643,1885,1616,416308,448097,31897,28337
2014,Hawaii,1414538,373,D,198250,170600,20975,13965,1930,1628,416743,448476,33037,29478
2015,Hawaii,1422052,319,D,198537,171121,21702,14385,1956,1619,417765,449429,34381,30469
2016,Hawaii,1427559,291,D,197950,170561,22260,14790,1930,1594,418931,450908,35552,31560
2017,Hawaii,1424393,294,D,195120,169609,22378,14963,1870,1581,418281,450317,35762,32038
2018,Hawaii,1420593,254,D,192920,168766,22466,15184,1863,1599,417453,449601,36077,32467
2019,Hawaii,1415872,330,D,190433,167266,22406,15249,1808,1621,415382,447405,36342,32553
2020,Hawaii,1455271,308,D,188169,166035,22307,15063,1798,1631,413117,444943,36249,32667
2010,Idaho,1570746,79,R,666797,670698,7181,5413,9968,10134,10818,12806,84350,77774
2011,Idaho,1583910,97,R,670298,674452,7538,5726,10017,10209,11459,13266,85987,79771
2012,Idaho,1595324,80,R,673499,677493,7653,5847,10082,10166,11834,13643,87689,81794
2013,Idaho,1611206,77,R,678156,681852,8029,6095,10175,10246,12121,13998,90191,84238
2014,Idaho,1631112,67,R,685217,688254,8416,6360,10255,10305,12555,14588,92316,86362
2015,Idaho,1651059,78,R,691574,694339,8736,6748,10355,10481,12981,15568,94735,88538
2016,Idaho,1682380,92,R,702472,704732,9239,7186,10572,10637,13711,16688,97798,91774
2017,Idaho,1717715,57,R,715759,717561,9701,7571,10678,10792,14212,17479,101069,94819
2018,Idaho,1750536,41,R,728097,729110,10144,7851,10848,10893,14645,17899,103968,97841
2019,Idaho,1787065,38,R,741839,742550,10614,8138,10972,11103,15147,18508,107347,101162
2020,Idaho,1839106,57,R,755926,756475,11127,8628,11258,11308,15833,19086,110412,104382
2010,Illinois,12840503,5288,D,4047925,4216315,887061,1006790,12221,13058,300531,322368,969269,907297
2011,Illinois,12867454,6098,D,4038647,4202166,888237,1006508,12280,13158,311044,333756,980686,921811
2012,Illinois,12882510,5490,D,4025983,4184659,889013,1006151,12362,13284,321739,345185,988980,934057
2013,Illinois,12895129,4781,D,4013466,4165677,889885,1006049,12485,13290,333319,356740,997155,944264
2014,Illinois,12884493,4487,D,3992008,4140799,889183,1004154,12485,13369,341932,366421,1004955,954177
2015,Illinois,12858913,4581,R,3966219,4109578,887307,1001525,12450,13405,350413,375388,1012720,963084
2016,Illinois,12820527,5072,R,3938285,4077014,883909,996431,12485,13479,356889,382342,1020332,971298
2017,Illinois,12778828,4392,R,3907788,4042615,879657,991049,12451,13504,364827,390867,1027064,979051
2018,Illinois,12723071,4444,R,3871736,4003236,876586,986837,12445,13527,370843,396850,1032682,986709
2019,Illinois,12671821,3928,D,3836349,3965538,874053,983264,12468,13526,374705,400871,1037215,993066
2020,Illinois,12812508,3682,D,3791759,3918557,871362,979696,12453,13517,377191,403247,1041977,998994
2010,Indiana,6490432,3192,R,2624062,2719616,299566,324036,8401,8844,55450,59141,185778,166780
2011,Indiana,6516528,2940,R,2626853,2720165,303356,327611,8440,8913,59353,62553,188464,171415
2012,Indiana,6537703,3063,R,2627441,2718129,306788,330800,8522,8958,63660,66160,192053,175247
2013,Indiana,6568713,3067,R,2630611,2719916,311313,334622,8660,9102,67406,69897,196360,180134
2014,Indiana,6593644,2700,R,2631948,2720056,315023,338099,8672,9194,71253,73416,200005,184345
2015,Indiana,6608422,2545,R,2629384,2715756,318614,341223,8708,9272,74970,76475,203483,188283
2016,Indiana,6634304,2533,R,2627889,2713783,322857,345836,8779,9319,80004,80615,208542,193564
2017,Indiana,6658078,2389,R,2626057,2711699,327300,350549,8860,9414,83528,83536,213573,199021
2018,Indiana,6695497,1890,R,2626486,2710878,333554,356481,9021,9571,88724,88163,219732,205423
2019,Indiana,6732219,1880,R,2626599,2711284,339022,361512,9134,9656,92438,91678,225588,211493
2020,Indiana,6785528,1737,R,2625007,2708864,343620,365938,9249,9812,95381,94607,231041,216863
2010,Iowa,3050745,173,D,1341864,1384211,54427,48796,4759,5008,29030,29454,74109,66244
2011,Iowa,3066336,187,R,1344275,1384614,56055,50201,4809,5021,31608,31827,76265,68326
2012,Iowa,3076190,208,R,1344456,1383231,57550,51520,4785,5016,33774,33698,77856,70440
2013,Iowa,3092997,144,R,1345388,1382957,60345,54044,4891,5087,36521,36128,80250,73021
2014,Iowa,3109350,196,R,1346652,1383014,63436,56483,4907,5165,39262,38434,82213,75040
2015,Iowa,3120960,183,R,1346817,1381013,66162,58777,4974,5247,40932,40058,84540,77292
2016,Iowa,3131371,190,R,1345312,1379043,68993,61101,5016,5313,42728,41726,87011,79668
2017,Iowa,3141550,152,R,1343800,1376240,71965,64169,5051,5359,44488,43419,89132,82001
2018,Iowa,3148618,154,R,1340989,1373248,74339,66348,5127,5446,45515,44262,91469,84293
2019,Iowa,3155070,196,R,1339381,1370720,76938,68534,5185,5531,47176,45707,94138,86777
2020,Iowa,3190369,223,R,1336478,1366994,78636,69878,5263,5543,48121,46692,96736,89100
2010,Kansas,2858190,739,D,1116321,1151790,94003,90110,14003,14551,36311,39003,143200,131033
2011,Kansas,2869225,873,R,1117199,1151205,94790,91059,13995,14470,37886,40597,145629,134063
2012,Kansas,2885257,825,R,1120206,1151260,96557,92176,14039,14492,39331,42129,148837,137219
2013,Kansas,2893212,852,R,1120076,1148790,97527,92597,14082,14511,40972,43744,151619,139928
2014,Kansas,2900475,681,R,1118804,1146304,98544,92930,14042,14442,42717,45141,154849,142750
2015,Kansas,2909011,707,R,1117416,1144081,99406,93452,14043,14343,45201,47311,157693,145872
2016,Kansas,2910844,675,R,1114148,1140752,99424,93308,13980,14344,47000,48970,160082,148587
2017,Kansas,2908718,623,R,1110417,1136570,99443,93037,13896,14328,47420,49494,162313,151024
2018,Kansas,2911359,666,R,1107152,1133268,99738,93356,13859,14306,48482,50544,164733,153366
2019,Kansas,2913314,771,D,1103108,1130564,100166,93581,13938,14422,48874,50977,166666,155688
2020,Kansas,2937880,653,D,1100210,1127480,100723,93781,14085,14512,49363,51413,168893,157814
2010,Kentucky,4348181,1110,D,1857211,1935181,176640,180475,4681,4562,26177,29355,66263,52436
2011,Kentucky,4369821,1072,D,1862188,1940757,179396,183141,4705,4542,27410,30588,67773,54383
2012,Kentucky,4386346,977,D,1865948,1941787,181990,185065,4663,4612,29012,31981,69663,56515
2013,Kentucky,4404659,1029,D,1869210,1943248,185135,187701,4772,4686,30662,33762,71979,58590
2014,Kentucky,4414349,975,D,1870061,1944390,186681,189468,4804,4740,31802,34792,72596,59964
2015,Kentucky,4425976,881,R,1871289,1944598,188741,190895,4771,4735,33744,36640,73834,61676
2016,Kentucky,4438182,911,R,1870331,1944516,190631,193081,4819,4816,35440,38206,75783,63833
2017,Kentucky,4452268,883,R,1870758,1944824,193509,195604,4799,4787,36838,39577,78807,66489
2018,Kentucky,4461153,670,R,1869382,1944254,195084,197366,4874,4823,37442,40123,81214,69457
2019,Kentucky,4467673,687,D,1867990,1942536,197677,199352,4893,4824,38706,41240,82841,71530
2020,Kentucky,4505836,585,D,1865039,1940038,199721,201371,4931,4864,39750,42260,84402,73534
2010,Louisiana,4544532,2130,R,1364571,1406613,700060,772092,15086,15582,37975,38647,92313,74403
2011,Louisiana,4575625,2127,R,1368065,1410277,706316,779391,15171,15719,39320,40204,95262,77654
2012,Louisiana,4600972,1970,R,1371573,1413357,711498,785535,15320,15870,40119,41135,96888,80141
2013,Louisiana,4624527,1976,R,1373471,1414232,716647,791598,15432,15910,40942,42163,100029,83204
2014,Louisiana,4644013,1795,R,1375339,1415678,720756,796235,15588,16109,41601,42648,102277,85764
2015,Louisiana,4664628,1779,R,1377364,1417583,724586,800331,15724,16230,42858,43845,104562,88437
2016,Louisiana,4678135,1701,D,1376412,1417889,727334,804330,15794,16323,43961,44791,106495,91084
2017,Louisiana,4670560,1669,D,1368229,1412053,727857,806048,15877,16442,44145,45212,107052,92637
2018,Louisiana,4659690,1273,D,1360230,1405644,727407,806838,15865,16434,44427,45669,108207,94393
2019,Louisiana,4648794,1316,D,1352957,1398863,727112,807772,15883,16471,45011,46351,110370,97011
2020,Louisiana,4657757,1154,D,1343835,1391113,725480,807432,15933,16591,45424,46876,112241,99104
2010,Maine,1327629,49,D,619326,647629,10392,8467,4845,4987,6598,8402,7470,7585
2011,Maine,1328284,33,R,618925,646700,10856,8833,4870,5025,6851,8688,7807,7807
2012,Maine,1327729,34,R,617944,645937,11241,9021,4866,5065,6973,8803,8047,8003
2013,Maine,1328009,34,R,617474,644779,11614,9274,4899,5085,7212,9046,8510,8368
2014,Maine,1330513,34,R,617218,644853,12051,9964,4922,5095,7540,9406,8872,8792
2015,Maine,1328262,27,R,615569,643285,12267,10190,4933,5132,7588,9494,9021,9023
2016,Maine,1331317,30,R,615906,643671,12773,10710,4987,5144,7900,9932,9333,9300
2017,Maine,1334612,35,R,616631,644362,13195,11030,5047,5175,8078,10093,9717,9572
2018,Maine,1339057,25,R,617536,645712,13720,11439,5072,5197,8250,10309,10042,9905
2019,Maine,1344212,38,D,618682,646976,14388,12077,5121,5280,8567,10581,10706,10299
2020,Maine,1362359,26,D,619537,648070,14833,12344,5162,5318,8759,10852,11290,10715
2010,Maryland,19399878,2927,D,1572631,1645414,805497,926238,8229,9088,164717,181778,204343,183658
2011,Maryland,19499241,2301,D,1575063,1645714,815453,936092,8271,9143,170420,187903,211561,190412
2012,Maryland,19572932,2480,D,1577046,1644827,824552,944844,8334,9182,176080,194246,218642,197033
2013,Maryland,19624447,2537,D,1574250,1640251,833009,953918,8359,9190,181142,199586,224980,203883
2014,Maryland,19651049,2499,D,1566823,1633253,841751,963244,8366,9281,186034,205227,233616,212016
2015,Maryland,19654666,2349,R,1557938,1623565,850617,971989,8459,9350,191429,210915,240473,219357
2016,Maryland,19633428,2291,R,1547940,1612222,857168,978619,8519,9409,195519,215266,247639,226750
2017,Maryland,19589572,2374,R,1537609,1600924,863599,986670,8576,9407,199835,220140,254974,234361
2018,Maryland,19530351,1914,R,1526273,1589912,868895,992955,8585,9436,202427,223072,262145,242283
2019,Maryland,19453561,1739,R,1514882,1578238,874342,999742,8613,9421,205199,226224,268619,249370
2020,Maryland,20201249,1645,R,1501660,1564069,877750,1003973,8603,9423,207286,228601,274455,255584
2010,Massachusetts,9574323,419,D,2462083,2633880,215852,230995,7337,7423,179509,195426,250031,256160
2011,Massachusetts,9657592,459,D,2462139,2631443,221018,236236,7368,7473,186810,203623,259850,264982
2012,Massachusetts,9749476,426,D,2461390,2627910,227135,241770,7509,7570,195097,212476,270050,273897
2013,Massachusetts,9843336,400,D,2460171,2626280,233103,248005,7556,7656,202967,221166,279513,283400
2014,Massachusetts,9932887,436,D,2458068,2622917,239232,253672,7608,7666,211415,230399,289572,293245
2015,Massachusetts,10031646,594,D,2449325,2613598,244405,259087,7647,7726,218758,238339,299376,302675
2016,Massachusetts,10154788,503,R,2439788,2601838,249942,264701,7701,7760,227154,246997,308107,311559
2017,Massachusetts,10268233,470,R,2430753,2591343,255708,270308,7726,7823,235900,256138,318443,321849
2018,Massachusetts,10381615,412,R,2418417,2578801,260089,275215,7766,7941,241552,262289,328271,332254
2019,Massachusetts,10488084,379,R,2404865,2563351,264384,279367,7751,7923,247947,268950,333821,338376
2020,Massachusetts,10439388,341,R,2389132,2545607,267259,281496,7729,7986,252944,273996,340041,344824
2010,Michigan,674715,2737,D,3772925,3887267,689028,760147,33550,34982,127089,134663,194615,186530
2011,Michigan,685225,2725,R,3765847,3877444,689421,761401,33713,35108,132545,140418,198399,190639
2012,Michigan,701176,2587,R,3763497,3869438,690416,761829,33876,35294,138523,146403,203464,195559
2013,Michigan,722036,2604,R,3762932,3864852,689940,761033,33997,35335,144960,153036,207593,199681
2014,Michigan,737401,2624,R,3762123,3859772,690510,761146,34069,35516,151570,159170,211672,203513
2015,Michigan,754066,2551,R,3756169,3848452,690619,760525,34171,35605,157508,164509,215400,207101
2016,Michigan,754434,2695,R,3754138,3842794,691613,760784,34264,35772,165123,170756,220904,212061
2017,Michigan,754942,2489,R,3754388,3839116,692457,762321,34430,35916,171811,176391,225661,216617
2018,Michigan,758080,2473,R,3749663,3832519,693206,763759,34444,35993,176203,180080,230779,221537
2019,Michigan,762062,2358,R,3740681,3821720,693689,764790,34651,36267,177989,181657,235968,226505
2020,Michigan,779094,1551,R,3726688,3808181,691951,764873,34751,36439,178955,182612,239522,229998
2010,Minnesota,11539336,1158,R,2206763,2257481,153204,148191,31383,32297,111834,118160,115952,104075
2011,Minnesota,11544663,1204,D,2212562,2260929,158515,153237,31717,32675,116787,123023,117636,106302
2012,Minnesota,11548923,1120,D,2216788,2262710,163537,157633,31990,32904,121413,127492,119622,108927
2013,Minnesota,11576684,982,D,2222193,2266474,169380,163040,32235,33402,125707,131919,122274,112198
2014,Minnesota,11602700,981,D,2227144,2268928,176432,169717,32453,33557,130570,136948,124586,115110
2015,Minnesota,11617527,939,D,2228654,2267704,183752,176526,32713,33722,135326,141503,127463,117835
2016,Minnesota,11634370,892,D,2233010,2269590,192493,185155,32856,33932,140292,146572,130490,120794
2017,Minnesota,11659650,727,D,2237865,2273563,201239,193417,33044,34141,144522,151002,134242,124231
2018,Minnesota,11676341,756,D,2241347,2275810,209670,201573,33334,34356,148563,154927,137868,127696
2019,Minnesota,11689100,694,D,2242498,2276617,217678,209142,33384,34491,151954,158426,140680,130598
2020,Minnesota,11799448,795,D,2239725,2273682,223543,214721,33605,34652,154614,161114,143416,132825
2010,Mississippi,3759944,1783,R,852803,884697,521831,586081,6978,7457,13568,15196,40072,27573
2011,Mississippi,3788379,1844,R,853308,883646,524629,589342,7037,7547,14125,15840,40415,28780
2012,Mississippi,3818814,1869,R,853492,883239,527023,591627,7090,7714,14357,16099,40252,29302
2013,Mississippi,3853214,1973,R,852364,880912,529627,594410,7141,7718,14940,16773,40817,30170
2014,Mississippi,3878187,1781,R,849382,878890,531003,596556,7194,7793,15430,17245,41566,31169
2015,Mississippi,3909500,1832,R,845887,875592,530838,598705,7226,7810,15863,17779,42055,32016
2016,Mississippi,3926331,1865,R,843070,873618,532452,599995,7239,7815,15919,17905,42628,32749
2017,Mississippi,3931316,1812,R,840672,870898,533317,600623,7335,7856,16178,18189,44032,33792
2018,Mississippi,3940235,1658,R,835669,866101,532667,600198,7288,7923,16496,18571,45013,34588
2019,Mississippi,3956971,1271,R,832333,863772,531746,599851,7403,7985,16767,18878,45494,35324
2020,Mississippi,3959353,1125,R,826996,859950,529348,599048,7463,8028,16912,19051,45101,35955
2010,Missouri,3837491,2305,D,2412493,2501502,343926,379303,15335,15563,54041,60040,98461,90158
2011,Missouri,3872036,2310,D,2413870,2500983,345841,381336,15515,15675,56350,62480,100368,92466
2012,Missouri,3899001,2100,D,2415296,2501079,347979,383445,15615,15808,58173,64103,102545,94790
2013,Missouri,3922468,1958,D,2417896,2500953,350840,385888,15741,15837,59905,65848,104943,97086
2014,Missouri,3963244,1808,D,2419088,2501238,352940,387793,16012,16021,62051,67943,107220,99535
2015,Missouri,4015792,1868,D,2420206,2500677,355087,389783,16109,16274,64413,70516,110003,102066
2016,Missouri,4089976,2147,D,2421849,2501361,356974,391459,16271,16426,66000,72128,112675,104737
2017,Missouri,4143625,2144,R,2423984,2503030,358714,393412,16505,16551,68516,74738,115503,107667
2018,Missouri,4181886,1572,R,2424066,2503502,360226,394911,16616,16780,70428,76547,118224,110566
2019,Missouri,4217737,1486,R,2423079,2504831,360797,396456,16777,16994,72867,78838,121011,113283
2020,Missouri,4237256,1434,R,2422725,2504951,361116,397133,16974,17115,74736,80726,123578,116033
2010,Montana,5788645,43,D,443318,439340,3823,2523,32218,32813,3278,4546,11823,11487
2011,Montana,5839419,21,D,444973,441103,4197,2915,32515,33216,3502,4783,12342,11952
2012,Montana,5886992,13,D,447010,442457,4494,3221,32904,33554,3612,4897,12954,12615
2013,Montana,5923188,18,D,450483,445393,4563,3274,33344,33998,4078,5285,13739,13147
2014,Montana,5957283,25,D,453554,447875,4664,3361,33719,34307,4273,5497,14338,13777
2015,Montana,5985562,24,D,457031,450575,4796,3467,33951,34504,4439,5643,14963,14365
2016,Montana,6003323,45,D,461056,454161,4998,3604,34252,34816,4635,6019,15597,14935
2017,Montana,6023868,28,D,464944,458222,5182,3807,34548,35261,4825,6246,16524,15678
2018,Montana,6035802,26,D,467940,461068,5233,3890,34592,35411,4938,6433,17098,16236
2019,Montana,6045680,36,D,471122,463806,5438,4037,34627,35542,5206,6851,17527,16751
2020,Montana,6177224,37,D,475215,467362,5668,4146,34915,35780,5379,7152,18122,17420
2010,Nebraska,6566307,87,R,747437,769097,46480,45120,7880,8391,17276,18700,79903,71826
2011,Nebraska,6613583,95,R,749265,770287,47384,45827,7947,8457,17935,19435,81915,74037
2012,Nebraska,6663005,75,R,751610,771545,48030,46509,8028,8439,19014,20520,84136,76289
2013,Nebraska,6713315,77,R,753859,771829,49032,47270,8072,8465,19964,21310,86535,78926
2014,Nebraska,6762596,56,R,755925,772897,50362,48275,8207,8654,21582,22943,88643,80677
2015,Nebraska,6794228,108,R,757569,773155,51407,49117,8307,8738,22970,24275,90783,82914
2016,Nebraska,6823608,101,R,758868,773660,52753,50281,8376,8851,24722,25994,93533,85488
2017,Nebraska,6859789,66,R,759178,773157,53638,50897,8444,8955,25821,27022,96506,88374
2018,Nebraska,6882635,103,R,758485,772251,54693,51905,8526,9021,26729,28023,98794,90777
2019,Nebraska,6892503,108,R,758235,771498,55684,52581,8587,9048,27345,28468,101000,92997
2020,Nebraska,7029917,350,R,757498,769963,56610,53392,8680,9147,27744,28926,102965,94966
2010,Nevada,9877510,1300,R,763542,737080,116410,114053,13109,14015,103271,122570,334025,317455
2011,Nevada,9882412,1284,R,758885,732801,118122,116002,13061,14047,105390,125137,337836,323101
2012,Nevada,9897145,1267,R,759442,733166,122618,120466,13228,14222,108211,128726,343829,330018
2013,Nevada,9913065,1175,R,759864,733507,125168,123511,13269,14324,112020,133508,350671,337952
2014,Nevada,9929848,1400,R,762827,736110,129176,128354,13457,14588,115738,138318,358227,346303
2015,Nevada,9931715,1330,R,765235,738770,134313,134247,13628,14746,119830,143504,368084,356755
2016,Nevada,9950571,1027,R,768196,741391,140348,141083,13799,14941,123972,148742,377824,366419
2017,Nevada,9973114,978,R,770934,744176,146529,148340,13965,15253,128445,154064,387807,376138
2018,Nevada,9984072,784,R,777237,749650,152546,154931,14299,15512,132520,158689,398132,386717
2019,Nevada,9986857,896,R,782811,754766,157942,161092,14435,15699,137735,164777,408801,397703
2020,Nevada,10077331,794,R,784742,756800,162628,165963,14561,15879,142436,170576,418775,407389
2010,New Hampshire,5310828,56,D,605006,623132,9505,7686,1836,1752,14712,16252,16086,16263
2011,New Hampshire,5346143,52,D,604729,622655,9902,8030,1828,1783,15615,17260,16857,16976
2012,New Hampshire,5376643,59,D,604688,622499,10363,8393,1855,1762,16429,18284,17701,17640
2013,New Hampshire,5413479,52,D,604541,621726,10576,8562,1893,1771,17197,19108,18325,18194
2014,New Hampshire,5451079,64,D,606696,622648,10932,8760,1892,1783,18031,19926,19070,18823
2015,New Hampshire,5482032,58,D,606534,621489,11386,9054,1893,1787,18984,20745,19999,19619
2016,New Hampshire,5522744,56,D,607248,622170,11931,9570,1902,1806,19786,21329,21001,20492
2017,New Hampshire,5566230,63,R,608293,623535,12426,9967,1945,1800,20103,21797,22158,21424
2018,New Hampshire,5606249,50,R,608856,623682,12948,10440,1949,1824,20465,22048,23267,22219
2019,New Hampshire,5639632,54,R,609041,624944,13474,10963,1956,1824,20886,22558,24250,23105
2020,New Hampshire,5706494,49,R,610219,625638,13773,11231,2015,1865,21128,22939,25220,23943
2010,New Jersey,2970548,1687,R,2567629,2716551,549757,623648,8062,8611,370361,390476,674900,663235
2011,New Jersey,2978731,1841,R,2553495,2696797,552028,625380,8166,8672,380806,400855,689293,679104
2012,New Jersey,2983816,1797,R,2537413,2677153,554350,626904,8276,8792,389666,409807,700604,691386
2013,New Jersey,2988711,1665,R,2520831,2656025,556726,628256,8355,8817,397615,417832,711369,703130
2014,New Jersey,2990468,1613,R,2502826,2634426,559317,629154,8338,8908,404777,425841,722139,714566
2015,New Jersey,2988471,1554,R,2481737,2610375,560674,629290,8383,8999,413275,435508,731407,725655
2016,New Jersey,2987938,1890,R,2461239,2586176,561822,628851,8403,8951,422272,444586,742667,737595
2017,New Jersey,2988510,1611,R,2441148,2563116,563153,629343,8471,8996,433254,455222,755434,751565
2018,New Jersey,2981020,1527,D,2421824,2540442,564170,629378,8510,9049,439432,461221,767144,764266
2019,New Jersey,2976149,1480,D,2401411,2517230,566155,630229,8568,9125,445219,467030,776754,774791
2020,New Jersey,2961279,1196,D,2378225,2491017,568545,631415,8561,9120,449320,471512,786563,784614
2010,New Mexico,5995974,1108,D,420090,431843,23468,18912,87487,94052,14038,16704,443436,451300
2011,New Mexico,6010275,1246,R,418770,429920,23694,19231,88210,94828,14630,17601,449834,457962
2012,New Mexico,6024367,1277,R,416265,425992,24009,19222,88578,95496,15144,18102,454544,462049
2013,New Mexico,6040715,1121,R,412051,421131,24420,19370,89201,96220,15648,18683,458901,466199
2014,New Mexico,6056202,955,R,407033,415526,24648,19541,89635,96811,15721,18858,460847,468019
2015,New Mexico,6071732,976,R,401851,410294,25009,19644,90155,97623,16103,19304,463079,471053
2016,New Mexico,6087135,920,R,398773,406843,25349,19881,90442,97947,16206,19658,465770,473641
2017,New Mexico,6106670,843,R,395130,403119,25695,20067,90662,98388,16457,19811,467790,476012
2018,New Mexico,6121623,582,R,390880,399027,26082,20325,90076,97893,16709,20168,470281,478773
2019,New Mexico,6137428,398,D,389219,397076,26845,20869,90214,98337,17198,20610,472641,481732
2020,New Mexico,6154913,386,D,388022,395453,27363,21330,90399,98677,17772,21211,475389,484696
2010,New York,990697,3804,D,5585696,5878677,1352075,1572322,33512,36169,726791,784006,1302792,1315734
2011,New York,997316,3802,D,5580088,5862703,1361382,1580284,33755,36416,746294,806507,1324971,1339069
2012,New York,1003783,3914,D,5569419,5841745,1368570,1584155,33933,36623,764812,828503,1343641,1357810
2013,New York,1013569,3550,D,5552678,5816340,1375592,1587947,34232,36792,781151,848475,1358318,1373926
2014,New York,1021869,3611,D,5529023,5785325,1378687,1589121,34360,36941,799475,870394,1369768,1387486
2015,New York,1030475,3669,D,5497795,5746224,1380501,1587815,34490,37065,817589,891334,1380565,1399798
2016,New York,1040859,3740,D,5462727,5702692,1379538,1583241,34587,37023,834046,910545,1389284,1407277
2017,New York,1052482,3690,D,5427076,5661922,1376580,1576468,34601,37068,846407,924664,1393152,1413151
2018,New York,1060665,3478,D,5391429,5622221,1372845,1568512,34673,37054,854554,934067,1397962,1420523
2019,New York,1068778,3220,D,5347566,5575984,1368414,1560488,34523,36970,861591,942728,1397644,1422588
2020,New York,1084225,2999,D,5287517,5513379,1363338,1550231,34395,36772,864793,947430,1396351,1422722
2010,North Carolina,1829542,5219,D,3092569,3237727,980021,1111414,56005,59955,110719,119999,365950,315774
2011,North Carolina,1840672,4918,D,3107823,3255455,991602,1125269,56565,60495,115732,125561,368102,323212
2012,North Carolina,1853303,4778,D,3126168,3272290,1003309,1139206,56893,61089,122196,132218,371963,330667
2013,North Carolina,1865279,4453,R,3143326,3288672,1016271,1153913,57286,61703,129659,139976,376220,337768
2014,North Carolina,1879321,4017,R,3158326,3306073,1027622,1167113,57709,62109,136403,146959,381532,345190
2015,North Carolina,1891277,4113,R,3177608,3324218,1038611,1179479,58020,62436,143014,153441,390691,355004
2016,North Carolina,1905616,4372,R,3202874,3349864,1051216,1194501,58383,62974,151356,161624,400378,366812
2017,North Carolina,1915947,3752,D,3221966,3370921,1063779,1208342,58785,63440,159871,169699,410537,379368
2018,North Carolina,1925614,3583,D,3242025,3393183,1075909,1222629,59034,63948,165766,175959,422978,393559
2019,North Carolina,1934408,3345,D,3261864,3413826,1087114,1236360,59362,64368,172352,182842,434063,406309
2020,North Carolina,1961504,3439,D,3277105,3434021,1096046,1248249,59591,64747,179237,189392,445205,419230
2010,North Dakota,2702405,31,R,305485,299942,5846,4144,18453,19147,3956,3971,6054,5190
2011,North Dakota,2712730,51,R,309726,302786,6420,4615,18744,19457,4269,4207,6683,5681
2012,North Dakota,2743996,80,R,316735,307417,7272,5259,19082,19749,4645,4510,7731,6504
2013,North Dakota,2775970,71,R,324789,313013,8806,6261,19468,20104,5153,4900,9112,7643
2014,North Dakota,2817628,91,R,330539,316754,10232,7189,19824,20369,5463,5161,10237,8548
2015,North Dakota,2866939,101,R,334996,320076,12627,8816,20145,20695,6065,5721,11657,9666
2016,North Dakota,2917563,81,R,332423,318254,14103,10062,20249,20871,6431,6105,12047,10115
2017,North Dakota,2969905,64,R,330265,316991,14753,10837,20318,20883,7069,6938,12389,10576
2018,North Dakota,3027341,64,R,329840,317001,15518,11709,20352,21030,7171,7124,12976,11111
2019,North Dakota,3080156,70,R,330109,317253,15939,12236,20593,21209,7252,7194,13831,11773
2020,North Dakota,3104614,65,R,329651,317073,16272,12577,20774,21381,7193,7131,14560,12340
2010,Ohio,1316762,3450,D,4629267,4834485,704185,771491,13882,14588,102811,111733,156790,145749
2011,Ohio,1320202,3137,R,4621046,4821458,708604,775771,13923,14748,106595,115546,161199,150248
2012,Ohio,1324232,3326,R,4612663,4805301,713957,779789,13971,14791,111073,120266,165674,154793
2013,Ohio,1326622,3071,R,4610367,4795467,721749,786937,14125,14916,117336,127040,170608,159825
2014,Ohio,1333341,2893,R,4605892,4786535,729345,793822,14240,15047,123615,133741,175522,164879
2015,Ohio,1336350,2796,R,4595407,4772438,737193,800545,14337,15072,130241,140314,180445,169732
2016,Ohio,1342307,2673,R,4585486,4758555,744486,806826,14446,15281,137366,147411,186021,175106
2017,Ohio,1348787,2392,R,4577722,4748125,751784,814122,14543,15396,144297,154043,192159,181492
2018,Ohio,1353465,2274,R,4565241,4735104,758994,821380,14681,15547,149601,158965,198298,187631
2019,Ohio,1359711,2392,R,4555061,4722816,765877,827587,14848,15658,155147,164310,203776,193347
2020,Ohio,1377529,2130,R,4539731,4705988,769714,831883,14979,15758,158923,168157,208913,198549
2010,Oklahoma,8799446,1563,D,1320459,1368519,152242,154255,175081,180514,35890,39486,149374,131709
2011,Oklahoma,8828117,1663,R,1322903,1370535,154015,155912,177006,182616,38021,41601,153804,136818
2012,Oklahoma,8844942,1498,R,1327255,1372696,156052,157572,178763,184425,40035,43746,158793,141890
2013,Oklahoma,8856972,1360,R,1331857,1376205,158896,159713,180877,186529,42218,46060,163331,146976
2014,Oklahoma,8864525,1294,R,1332702,1376724,160926,161359,182632,188388,44381,48378,167985,151655
2015,Oklahoma,8867949,1257,R,1334921,1378537,163492,163517,184450,190411,47009,51375,172944,156643
2016,Oklahoma,8870827,1058,R,1332385,1376782,164773,164819,186071,192087,48323,52831,178345,161651
2017,Oklahoma,8885525,1228,R,1326806,1371049,165792,165534,187307,193399,49087,53776,182211,165822
2018,Oklahoma,8886025,990,R,1322693,1367406,166813,166281,188340,194792,50285,54880,185975,169865
2019,Oklahoma,8882190,753,R,1322184,1367558,168572,167586,189262,195775,51541,56180,189602,173814
2020,Oklahoma,9288994,636,R,1322611,1368809,171058,169790,189693,196592,52607,57136,193957,178307
2010,Oregon,2064552,271,D,1511769,1565650,44347,38645,26219,26804,79814,91945,210839,192423
2011,Oregon,2080450,257,D,1518607,1572246,45530,39566,26347,27023,83886,96554,214971,197450
2012,Oregon,2087309,292,D,1524914,1576538,46501,40561,26455,27305,86917,99689,218150,201307
2013,Oregon,2092273,247,D,1529140,1580269,47444,41425,26617,27273,89179,102144,221811,205624
2014,Oregon,2089568,210,D,1538507,1588512,49092,42874,26833,27532,93240,106502,226750,210864
2015,Oregon,2089291,218,D,1553268,1602070,50745,44308,27152,27732,97086,110626,232295,216675
2016,Oregon,2091630,289,D,1573875,1621794,52801,46024,27535,28222,103391,117415,239447,223721
2017,Oregon,2091784,238,D,1586897,1633960,54410,47415,27801,28502,107403,121614,247159,230878
2018,Oregon,2092741,180,D,1593333,1640783,56049,48608,28092,28710,110230,124444,253134,236572
2019,Oregon,2096829,191,D,1598517,1646658,57544,49761,28289,29041,112541,126954,258864,242282
2020,Oregon,2117522,222,D,1600550,1649663,58898,50793,28463,29259,114698,129347,264457,247805
2010,Pennsylvania,12711160,4708,D,4966711,5225365,668222,730830,10351,11155,179553,192875,296091,279819
2011,Pennsylvania,12745815,4302,R,4959777,5209588,674693,736682,10505,11272,186625,201022,306995,290714
2012,Pennsylvania,12767118,4535,R,4948189,5188093,681478,740915,10619,11350,193405,208272,317877,301166
2013,Pennsylvania,12776309,4390,R,4933273,5162846,687545,744829,10680,11426,200521,216187,326588,309714
2014,Pennsylvania,12788313,4045,R,4915660,5139925,691941,748599,10777,11510,207969,224486,336925,320281
2015,Pennsylvania,12784826,4420,D,4893814,5110718,696154,750943,10871,11626,214256,231137,347259,330517
2016,Pennsylvania,12782275,4564,D,4868361,5080897,700465,753930,10984,11739,221480,238314,358938,341731
2017,Pennsylvania,12787641,4516,D,4844598,5052943,704040,757905,11012,11827,228736,245157,371261,354770
2018,Pennsylvania,12800922,4463,D,4822295,5026139,708916,761904,11157,11892,235513,251129,385952,369489
2019,Pennsylvania,12801989,4312,D,4797925,4998741,711717,764851,11206,11977,240898,256181,393786,378411
2020,Pennsylvania,13002700,4599,D,4771029,4967823,714570,765971,11332,12071,246257,261574,403278,388447
2010,Rhode Island,1053959,48,R,393707,425408,32021,32200,2507,2707,15727,17634,51386,52069
2011,Rhode Island,1053649,64,D,390634,421618,32540,32680,2510,2696,16391,18424,53037,53301
2012,Rhode Island,1054621,47,D,388299,418872,32687,32912,2519,2692,16883,18969,54923,54677
2013,Rhode Island,1055081,62,D,385980,416092,33160,33470,2535,2697,17299,19288,56363,55847
2014,Rhode Island,1055936,57,D,383584,413053,33733,33965,2540,2705,17852,19718,58041,57275
2015,Rhode Island,1056065,53,D,380800,409425,34211,34469,2564,2699,18413,20197,59894,58757
2016,Rhode Island,1056770,131,D,378051,406433,34749,35062,2553,2705,18888,20572,61785,60309
2017,Rhode Island,1055673,37,D,375015,403255,35194,35435,2556,2668,18886,20485,63139,61847
2018,Rhode Island,1058287,50,D,372491,400323,35928,36237,2585,2671,19354,20839,65339,63811
2019,Rhode Island,1059361,68,D,369628,397207,36419,36717,2585,2709,19286,20814,66734,65103
2020,Rhode Island,1097379,46,D,367048,394347,36978,36949,2537,2692,19291,20812,67984,66393
2010,South Carolina,4635649,1332,R,1468821,1535663,614244,695339,8940,9335,31354,35454,112240,88844
2011,South Carolina,4671994,1370,R,1480202,1547443,617411,699553,9036,9380,32738,36993,112307,90960
2012,South Carolina,4717354,1232,R,1494960,1561307,621869,704970,9238,9480,34382,38770,112950,93360
2013,South Carolina,4764080,1168,R,1509479,1575854,626915,710237,9324,9589,35757,40329,113960,96044
2014,South Carolina,4823617,1118,R,1527728,1595437,631813,716188,9502,9726,37644,42361,116575,99534
2015,South Carolina,4891938,1278,R,1548981,1617712,637645,722614,9648,9906,39753,44598,119809,103582
2016,South Carolina,4957968,1296,R,1569118,1640223,642427,728788,9810,10088,41950,46956,123120,107199
2017,South Carolina,5021268,1167,R,1587805,1660932,645699,734436,9910,10219,44175,49141,127527,112020
2018,South Carolina,5084156,1165,R,1605210,1681560,649584,740486,9981,10336,46266,51500,132346,117142
2019,South Carolina,5148714,1008,R,1622728,1702626,653444,746274,10133,10543,48653,54012,137398,122603
2020,South Carolina,5118425,1004,R,1638616,1723318,655720,752244,10290,10760,50831,56200,141734,127739
2010,South Dakota,816166,61,R,348534,350159,7622,5460,36011,37298,4157,4497,9432,7968
2011,South Dakota,823579,67,R,350785,350981,8267,5786,36373,37619,4491,4791,10517,8514
2012,South Dakota,833566,63,R,352973,352406,9511,6781,36697,37958,5145,5353,11509,9205
2013,South Dakota,842316,62,R,355777,354640,10122,7146,36992,38253,5436,5613,11937,9789
2014,South Dakota,849129,72,R,358149,356434,10479,7394,37172,38533,5684,5876,12261,10135
2015,South Dakota,853988,64,R,359283,357129,10962,7738,37447,38782,6083,6267,12564,10346
2016,South Dakota,862996,54,R,361320,358460,12026,8626,37697,39074,6654,7031,13163,10934
2017,South Dakota,872868,70,R,363668,360244,12990,9438,37886,39266,7231,7719,14208,11839
2018,South Dakota,878698,48,R,365141,361895,13353,9713,38033,39432,7156,7665,14659,12483
2019,South Dakota,884659,49,R,367481,364070,13882,10205,38146,39381,7475,8099,15292,13061
2020,South Dakota,886667,67,R,369315,365201,14359,10610,38125,39288,7715,8500,15792,13677
2010,Tennessee,6355311,3608,D,2372143,2490068,510212,572435,8978,8795,48065,53703,139986,116493
2011,Tennessee,6399291,3307,R,2381475,2499798,516258,578491,9051,8933,50465,56326,142578,120481
2012,Tennessee,6453898,3280,R,2394917,2511450,524617,585664,9252,9048,52694,58705,145702,125434
2013,Tennessee,6494340,2988,R,2404329,2520096,529814,590916,9400,9160,54792,61067,148405,129151
2014,Tennessee,6541223,3221,R,2416645,2530814,535514,596218,9569,9374,56555,63037,151694,133278
2015,Tennessee,6591170,2726,R,2428950,2543031,540601,601807,9745,9533,58831,65412,155973,138079
2016,Tennessee,6646010,2740,R,2444341,2556984,544960,607562,9904,9763,60959,67768,160695,143260
2017,Tennessee,6708799,2640,R,2460492,2572164,550767,613444,10125,9920,63558,70382,167174,149400
2018,Tennessee,6771631,2331,R,2475759,2588427,555725,619140,10381,10066,66478,73481,173484,156089
2019,Tennessee,6829174,2393,R,2488583,2602615,559353,624124,10608,10276,68222,75075,178835,161804
2020,Tennessee,6910840,2359,R,2503449,2619806,562474,628599,10783,10499,70065,76749,184219,167711
2010,Texas,25241971,9310,R,5740421,5875550,1439268,1542965,45922,46628,503421,530956,4569527,4508970
2011,Texas,25645629,9952,R,5777412,5909879,1467494,1571148,46708,47382,525720,554745,4673601,4618879
2012,Texas,26084481,8929,R,5827144,5951210,1501310,1605187,47730,48282,552998,582711,4776281,4723190
2013,Texas,26480266,9068,R,5859039,5978030,1534249,1637874,48606,49157,581747,612313,4873651,4821433
2014,Texas,26964333,8035,R,5911307,6025898,1571968,1677238,49646,50146,617722,649807,4981535,4926850
2015,Texas,27470056,9539,R,5962224,6071185,1612694,1719538,50718,51054,655334,689461,5098684,5038400
2016,Texas,27914410,9308,R,5992686,6100895,1651422,1760282,51539,51902,688649,724428,5208921,5146419
2017,Texas,28295273,8827,R,6009276,6117294,1687824,1798082,52280,52538,718910,756543,5304104,5240148
2018,Texas,28628666,7482,R,6020820,6129936,1719985,1833824,52931,53285,742103,782411,5390048,5327981
2019,Texas,28995881,7448,R,6040947,6147930,1753030,1871070,53669,54099,766774,807938,5481501,5419317
2020,Texas,29145505,6876,R,6063778,6170067,1789746,1910168,54440,54742,792342,833619,5571548,5509486
2010,Utah,2775332,204,R,1131254,1131407,19021,14478,14690,15305,43106,45665,169565,159450
2011,Utah,2814384,215,R,1145395,1144417,19499,14952,14764,15402,44541,47338,172764,163118
2012,Utah,2853375,247,R,1159525,1156528,20171,15662,14913,15478,46692,49486,175577,165995
2013,Utah,2897640,270,R,1175498,1170878,20857,16221,14982,15605,48569,51201,179092,170113
2014,Utah,2936879,317,R,1188817,1183417,21514,16637,15132,15838,50421,53069,182619,173972
2015,Utah,2981835,281,R,1203679,1197402,22283,17116,15352,15917,52386,54931,187567,178830
2016,Utah,3041868,259,R,1223771,1215958,23562,18073,15568,16074,54862,57817,193878,185009
2017,Utah,3101042,264,R,1242269,1233252,24906,19129,15755,16322,57637,60520,200873,191453
2018,Utah,3153550,233,R,1258200,1248885,25906,19954,15910,16482,59851,62739,206786,197317
2019,Utah,3205958,218,R,1273663,1263410,26958,20802,16153,16806,61738,64734,211855,202470
2020,Utah,3271616,245,R,1287800,1276820,28008,21581,16493,17087,63793,66650,217644,207519
2010,Vermont,625879,32,R,294143,303283,4301,3565,1341,1332,3831,4799,4055,4099
2011,Vermont,627049,35,D,294206,302941,4510,3709,1334,1366,4115,5119,4442,4222
2012,Vermont,626090,34,D,293482,302129,4633,3755,1332,1351,4231,5271,4519,4379
2013,Vermont,626210,31,D,293245,301476,4812,3935,1328,1341,4368,5446,4772,4588
2014,Vermont,625214,40,D,292420,300663,4945,4025,1332,1310,4526,5591,4843,4684
2015,Vermont,625216,45,D,291688,299676,5148,4213,1341,1297,5083,6150,4974,4815
2016,Vermont,623657,29,D,290358,298442,5304,4264,1349,1306,5336,6367,5184,4946
2017,Vermont,624344,46,R,289841,297916,5511,4361,1341,1331,5777,6892,5379,5214
2018,Vermont,624358,25,R,289217,297445,5690,4399,1338,1348,5831,6975,5512,5410
2019,Vermont,623989,36,R,288643,296332,5897,4549,1335,1340,5927,7105,5618,5600
2020,Vermont,643077,31,R,287880,295529,6053,4646,1351,1342,5960,7268,5805,5750
2010,Virginia,8023699,3146,R,2606913,2683359,759087,830783,11765,12044,228695,253813,284325,260683
2011,Virginia,8101155,3181,R,2621263,2694114,765715,836855,11878,12208,236927,263116,294149,271029
2012,Virginia,8185080,3201,R,2636456,2705501,773860,844639,12058,12300,245949,273863,303713,281201
2013,Virginia,8252427,3095,R,2645666,2711787,781614,851530,12244,12362,254067,282398,312634,290244
2014,Virginia,8310993,3051,D,2650463,2713972,789415,858229,12417,12523,263319,292476,319813,297937
2015,Virginia,8361808,2844,D,2649730,2711780,797329,865026,12454,12536,272809,302254,328540,306036
2016,Virginia,8410106,2945,D,2648592,2710200,803224,871384,12599,12607,281301,311895,337756,315216
2017,Virginia,8463587,2730,D,2647301,2708701,810310,877637,12821,12705,289816,320881,348284,325273
2018,Virginia,8501286,2594,D,2643890,2706411,816120,883277,12853,12817,295762,326889,357219,334054
2019,Virginia,8535519,2265,D,2642180,2704136,822406,889496,12879,12874,302954,334615,366273,343124
2020,Virginia,8631393,1974,D,2637408,2699886,827543,894295,12985,13055,309172,340918,374707,351665
2010,Washington,6742830,1247,D,2491270,2529196,151898,133075,52477,53762,266050,303928,349097,320108
2011,Washington,6826627,1346,D,2508171,2541203,157171,137150,52763,54076,276809,315156,357946,330037
2012,Washington,6897058,1190,D,2519278,2548724,162098,141661,53005,54375,287374,326154,365388,338868
2013,Washington,6963985,1285,D,2528527,2555105,166265,145259,53291,54708,298382,336882,374254,347520
2014,Washington,7054655,1159,D,2545228,2566778,170832,148954,53730,55063,312747,351501,384718,357304
2015,Washington,7163657,1243,D,2566953,2585470,175882,153713,54157,55567,328747,367575,395549,368422
2016,Washington,7294771,1369,D,2595268,2610196,182472,158767,54564,56078,345181,384371,409987,382137
2017,Washington,7423362,1198,D,2619298,2632121,189499,164205,55205,56619,363349,402944,422529,395115
2018,Washington,7523869,1135,D,2632617,2644431,196291,169617,55517,57097,380494,419515,433076,406195
2019,Washington,7614893,1091,D,2641089,2651370,202550,174382,55809,57424,395840,434471,445526,418719
2020,Washington,7705281,1004,D,2647197,2656166,208860,179298,56041,57786,411553,449166,457258,429684
2010,West Virginia,1854239,182,D,856263,888032,37422,32503,1922,1717,6633,7408,10638,9252
2011,West Virginia,1856301,142,D,856264,887033,37981,32743,1948,1774,7064,7961,11339,9874
2012,West Virginia,1856872,165,D,856333,885770,38292,32945,1997,1790,7288,8251,11792,10265
2013,West Virginia,1853914,131,D,854377,882931,38706,33256,2016,1838,7464,8444,12283,10621
2014,West Virginia,1849489,153,D,851252,879982,38835,33507,2025,1859,7726,8605,12745,11049
2015,West Virginia,1842050,127,D,847611,874893,39018,33563,2021,1869,7919,8745,13170,11399
2016,West Virginia,1831023,114,D,842002,868374,38982,33528,2026,1876,8088,8979,13495,11831
2017,West Virginia,1817004,125,R,835542,860798,38931,33451,2046,1855,8008,8890,13748,11990
2018,West Virginia,1804291,112,R,828999,853888,38943,33494,2039,1839,7886,8784,14097,12471
2019,West Virginia,1792147,86,R,823253,847382,39119,33498,2040,1881,8074,8864,14609,12867
2020,West Virginia,1793716,154,R,817264,841064,39625,33787,2072,1865,8172,8939,15004,13180
2010,Wisconsin,5690475,1049,D,2367331,2415008,185511,192061,26759,27293,67656,71033,158550,143246
2011,Wisconsin,5705288,993,R,2366889,2412247,187657,194509,26960,27505,70230,73702,161465,147113
2012,Wisconsin,5719960,1067,R,2366472,2409293,189277,196432,27131,27691,72877,76602,164820,151035
2013,Wisconsin,5736754,944,R,2366569,2407848,190972,197882,27341,27766,76252,80291,167670,154722
2014,Wisconsin,5751525,968,R,2366326,2404915,192883,199798,27544,27957,79399,83627,170359,158218
2015,Wisconsin,5760940,945,R,2363705,2398997,194660,201351,27662,28038,82486,86975,173560,161717
2016,Wisconsin,5772628,1096,R,2361320,2394706,196338,202802,27850,28212,85490,89819,177387,165741
2017,Wisconsin,5790186,932,R,2361050,2393202,198662,204583,27981,28449,88238,92738,181135,169955
2018,Wisconsin,5807406,938,R,2360839,2390848,200512,206157,28137,28551,89803,93986,186174,175172
2019,Wisconsin,5822434,897,D,2361260,2390312,201784,207310,28422,28781,92265,96158,189316,178349
2020,Wisconsin,5893718,850,D,2359757,2387409,202631,207672,28562,28998,93997,97876,192341,181581
2010,Wyoming,564487,40,D,249060,240986,3493,2492,6374,6368,2335,2895,24103,21726
2011,Wyoming,567299,57,R,249636,241664,3757,2594,6482,6426,2374,2959,24503,22145
2012,Wyoming,576305,95,R,251732,243399,4969,3516,6568,6494,2648,3148,25677,23086
2013,Wyoming,582122,65,R,253522,244916,5398,4040,6589,6598,2755,3248,26203,23629
2014,Wyoming,582531,69,R,253558,245120,5064,3672,6619,6684,2751,3265,26514,23883
2015,Wyoming,585613,46,R,254948,246065,4936,3460,6653,6644,2927,3341,26869,24271
2016,Wyoming,584215,55,R,253745,245202,4929,3410,6609,6622,3017,3503,27178,24545
2017,Wyoming,578931,30,R,250681,242879,4884,3421,6518,6594,3160,3611,27062,24511
2018,Wyoming,577601,21,R,249626,242209,4811,3461,6545,6631,3332,3698,27103,24682
2019,Wyoming,578759,36,R,249852,242282,4828,3499,6522,6581,3364,3673,27388,25045
2020,Wyoming,576851,42,R,250498,242873,4846,3561,6644,6619,3336,3672,27725,25365
