Year,State,Region,Population,Total_Charges,Percentage_of_US_Total_Charges,Race,Percentage_of_US_Race_Charges,Sex,Percentage_of_US_Sex_Charges,National_Origin,Percentage_of_US_National_Origin_Charges,Religion,Percentage_of_US_Religion_Charges,Color,Percentage_of_US_Color_Charges,Retaliation_All,Percentage_of_US_Retaliation_All_Charges,Retaliation_Title_VII,Percentage_of_US_Retaliation_Title_VII_Charges,Age,Percentage_of_US_Age_Charges,Disability,Percentage_of_US_Disability_Charges,Equal_Pay_Act,Percentage_of_US_EPA_Charges,GINA,Percentage_of_US_GINA_Charges
2009,Alabama,Southeast,4757938,3345,3.60%,1745,5.20%,1004,3.60%,87,0.80%,63,1.90%,34,1.20%,1081,3.20%,1006,3.50%,658,2.90%,588,2.70%,55,5.80%,0,0.00%
2010,Alabama,Southeast,4785437,3493,3.50%,1831,5.10%,1006,3.50%,155,1.40%,90,2.40%,59,2.10%,1216,3.40%,1129,3.60%,643,2.80%,686,2.70%,42,4.00%,12,6.00%
2011,Alabama,Southeast,4799069,3154,3.20%,1626,4.60%,934,3.30%,85,0.70%,66,1.60%,49,1.70%,1050,2.80%,959,3.10%,579,2.50%,638,2.50%,45,4.90%,9,3.70%
2012,Alabama,Southeast,4815588,3246,3.30%,1611,4.80%,1086,3.60%,127,1.20%,83,2.20%,64,2.40%,1199,3.20%,1111,3.60%,619,2.70%,677,2.60%,57,5.30%,17,6.10%
2013,Alabama,Southeast,4830081,3105,3.30%,1520,4.60%,976,3.50%,207,1.90%,162,4.40%,122,3.90%,1224,3.20%,1132,3.60%,579,2.70%,683,2.60%,108,10.60%,61,18.30%
2014,Alabama,Southeast,4841799,2879,3.20%,1466,4.70%,902,3.50%,165,1.70%,140,3.90%,135,4.90%,1220,3.20%,1101,3.60%,563,2.70%,680,2.70%,112,11.90%,68,20.40%
2015,Alabama,Southeast,4852347,2802,3.20%,1389,4.50%,864,3.30%,115,1.20%,60,1.70%,88,3.20%,1137,3.00%,1010,3.30%,518,2.50%,635,2.50%,35,3.70%,10,3.00%
2016,Alabama,Southeast,4863525,3371,3.70%,1865,5.80%,934,3.50%,109,1.10%,75,2.00%,87,2.80%,1211,2.90%,1079,3.30%,503,2.40%,647,2.30%,17,1.60%,7,2.90%
2017,Alabama,Southeast,4874486,2522,3.00%,1171,4.10%,888,3.50%,68,0.80%,66,1.90%,60,1.90%,1107,3.10%,989,3.10%,414,2.30%,624,2.30%,32,3.20%,3,1.50%
2018,Alabama,Southeast,4887681,2488,3.30%,1187,4.80%,838,3.40%,64,0.90%,58,2.00%,99,3.10%,1208,3.10%,1085,3.60%,591,3.50%,611,2.50%,30,2.80%,41,18.60%
2019,Alabama,Southeast,4903185,2108,2.90%,950,4.00%,734,3.10%,60,0.90%,44,1.60%,74,2.20%,995,2.50%,882,2.90%,370,2.40%,490,2.00%,31,2.80%,5,2.40%
2020,Alabama,Southeast,5024279,1539,2.30%,693,3.10%,493,2.30%,38,0.60%,33,1.40%,47,1.30%,774,2.10%,654,2.30%,270,1.90%,403,1.70%,26,2.70%,1,0.20%
2021,Alabama,Southeast,5039877,1659,2.50%,768,3.50%,550,2.60%,50,0.80%,28,1.20%,55,1.50%,808,2.10%,681,2.40%,278,2.00%,422,1.70%,21,2.10%,5,1.10%
2009,Alaska,Pacific Coastal,698895,85,0.10%,19,0.10%,27,0.10%,12,0.10%,2,0.10%,5,0.20%,35,0.10%,30,0.10%,26,0.10%,18,0.10%,1,0.10%,0,0.00%
2010,Alaska,Pacific Coastal,713910,120,0.10%,38,0.10%,39,0.10%,16,0.10%,4,0.10%,2,0.10%,48,0.10%,41,0.10%,38,0.20%,39,0.20%,1,0.10%,0,0.00%
2011,Alaska,Pacific Coastal,722128,79,0.10%,21,0.10%,20,0.10%,9,0.10%,7,0.20%,5,0.20%,32,0.10%,24,0.10%,28,0.10%,32,0.10%,2,0.20%,1,0.40%
2012,Alaska,Pacific Coastal,730443,100,0.10%,24,0.10%,35,0.10%,13,0.10%,6,0.20%,3,0.10%,31,0.10%,20,0.10%,34,0.10%,24,0.10%,3,0.30%,0,0.00%
2013,Alaska,Pacific Coastal,737068,98,0.10%,34,0.10%,33,0.10%,16,0.20%,7,0.20%,7,0.20%,39,0.10%,27,0.10%,28,0.10%,26,0.10%,2,0.20%,0,0.00%
2014,Alaska,Pacific Coastal,736283,77,0.10%,23,0.10%,24,0.10%,5,0.10%,5,0.10%,5,0.20%,37,0.10%,27,0.10%,22,0.10%,30,0.10%,0,0.00%,0,0.00%
2015,Alaska,Pacific Coastal,737498,77,0.10%,25,0.10%,24,0.10%,11,0.10%,1,0.00%,3,0.10%,36,0.10%,29,0.10%,29,0.10%,27,0.10%,1,0.10%,0,0.00%
2016,Alaska,Pacific Coastal,741456,95,0.10%,33,0.10%,32,0.10%,6,0.10%,4,0.10%,3,0.10%,46,0.10%,30,0.10%,21,0.10%,32,0.10%,37,3.40%,0,0.00%
2017,Alaska,Pacific Coastal,739700,101,0.10%,28,0.10%,28,0.10%,12,0.10%,5,0.10%,5,0.20%,51,0.10%,34,0.10%,27,0.10%,36,0.10%,4,0.40%,1,0.50%
2018,Alaska,Pacific Coastal,735139,71,0.10%,23,0.10%,31,0.10%,11,0.20%,8,0.30%,6,0.20%,34,0.10%,29,0.10%,22,0.10%,20,0.10%,1,0.10%,0,0.00%
2019,Alaska,Pacific Coastal,731545,60,0.10%,12,0.10%,26,0.10%,3,0.00%,2,0.10%,3,0.10%,33,0.10%,24,0.10%,15,0.10%,26,0.10%,0,0.00%,0,0.00%
2020,Alaska,Pacific Coastal,733391,56,0.10%,18,0.10%,25,0.10%,2,0.00%,3,0.10%,4,0.10%,25,0.10%,18,0.10%,14,0.10%,22,0.10%,3,0.30%,2,0.50%
2009,Arizona,Southwest,6343154,2178,2.30%,536,1.60%,676,2.40%,352,3.20%,105,3.10%,54,1.80%,902,2.70%,728,2.50%,547,2.40%,555,2.60%,30,3.20%,0,0.00%
2010,Arizona,Southwest,6407172,2486,2.50%,563,1.60%,775,2.70%,367,3.20%,119,3.10%,39,1.40%,1069,2.90%,862,2.80%,627,2.70%,701,2.80%,28,2.70%,10,5.00%
2011,Arizona,Southwest,6472643,2854,2.90%,613,1.70%,865,3.00%,420,3.50%,130,3.10%,47,1.70%,1254,3.40%,975,3.10%,675,2.90%,888,3.40%,39,4.20%,13,5.30%
2012,Arizona,Southwest,6554978,2920,2.90%,615,1.80%,858,2.80%,448,4.10%,178,4.70%,59,2.20%,1181,3.10%,900,2.90%,722,3.20%,884,3.40%,33,3.00%,9,3.20%
2013,Arizona,Southwest,6632764,2803,3.00%,600,1.80%,921,3.30%,378,3.60%,116,3.10%,49,1.60%,1254,3.30%,947,3.00%,718,3.40%,857,3.30%,37,3.60%,12,3.60%
2014,Arizona,Southwest,6730413,2644,3.00%,560,1.80%,751,2.90%,382,4.00%,110,3.10%,46,1.70%,1206,3.20%,868,2.80%,620,3.00%,908,3.60%,36,3.80%,6,1.80%
2015,Arizona,Southwest,6829676,2396,2.70%,560,1.80%,697,2.70%,333,3.50%,121,3.40%,72,2.60%,1083,2.90%,785,2.60%,543,2.60%,829,3.30%,34,3.60%,6,1.80%
2016,Arizona,Southwest,6941072,2324,2.50%,590,1.80%,723,2.70%,331,3.40%,97,2.50%,65,2.10%,1115,2.70%,769,2.30%,573,2.70%,849,3.00%,26,2.40%,4,1.70%
2017,Arizona,Southwest,7044008,1988,2.40%,437,1.50%,656,2.60%,264,3.20%,94,2.70%,55,1.70%,959,2.10%,680,2.10%,429,2.30%,696,2.60%,28,2.80%,0,0.00%
2018,Arizona,Southwest,7158024,1768,2.30%,393,1.60%,646,2.60%,212,3.00%,73,2.60%,40,1.30%,933,2.40%,660,2.20%,380,2.20%,613,2.50%,35,3.30%,3,1.40%
2019,Arizona,Southwest,7278717,1729,2.40%,448,1.90%,561,2.40%,193,2.80%,64,2.30%,53,1.60%,957,2.40%,682,2.30%,394,2.50%,640,2.60%,32,2.90%,0,0.00%
2020,Arizona,Southwest,7151502,1602,2.40%,417,1.90%,499,2.30%,186,2.90%,58,2.40%,86,2.40%,930,2.50%,618,2.20%,408,2.90%,600,2.50%,21,2.10%,3,0.70%
2021,Arizona,Southwest,7276316,1367,2.00%,349,1.60%,410,1.90%,185,2.90%,46,1.90%,74,2.10%,804,2.10%,525,1.90%,323,2.30%,546,2.20%,23,2.30%,4,0.90%
2009,Arkansas,Southeast,2896843,1591,1.70%,740,2.20%,466,1.70%,55,0.50%,35,1.00%,46,1.60%,488,1.50%,422,1.50%,321,1.40%,346,1.60%,14,1.50%,0,0.00%
2010,Arkansas,Southeast,2921964,1709,1.70%,816,2.30%,475,1.60%,79,0.70%,49,1.30%,37,1.30%,469,1.30%,401,1.30%,309,1.30%,424,1.70%,12,1.10%,3,1.50%
2011,Arkansas,Southeast,2940667,1666,1.70%,745,2.10%,499,1.70%,65,0.50%,42,1.00%,24,0.80%,472,1.30%,405,1.30%,278,1.20%,446,1.70%,15,1.60%,1,0.40%
2012,Arkansas,Southeast,2952164,2374,2.40%,736,2.20%,1212,4.00%,76,0.70%,53,1.40%,21,0.80%,520,1.40%,426,1.40%,303,1.30%,407,1.50%,93,8.60%,5,1.80%
2013,Arkansas,Southeast,2959400,1524,1.60%,742,2.20%,487,1.80%,57,0.50%,45,1.20%,30,1.00%,498,1.30%,424,1.30%,297,1.40%,350,1.30%,13,1.30%,3,0.90%
2014,Arkansas,Southeast,2967392,1339,1.50%,566,1.80%,437,1.70%,75,0.80%,36,1.00%,32,1.20%,445,1.20%,376,1.20%,266,1.30%,381,1.50%,18,1.90%,0,0.00%
2015,Arkansas,Southeast,2978048,1372,1.50%,577,1.90%,422,1.60%,78,0.80%,44,1.20%,33,1.20%,468,1.20%,393,1.30%,267,1.30%,407,1.60%,15,1.60%,0,0.00%
2016,Arkansas,Southeast,2989918,1473,1.60%,651,2.00%,437,1.60%,78,0.80%,44,1.20%,27,0.90%,470,1.10%,381,1.20%,259,1.20%,439,1.60%,0,0.00%,2,0.80%
2017,Arkansas,Southeast,3001345,1371,1.60%,596,2.10%,439,1.70%,68,0.80%,51,1.50%,34,1.00%,454,1.20%,369,1.20%,261,1.40%,414,1.50%,12,1.20%,1,0.50%
2018,Arkansas,Southeast,3009733,1151,1.50%,463,1.90%,363,1.50%,45,0.60%,36,1.30%,22,0.70%,409,1.00%,335,1.10%,249,1.50%,339,1.40%,11,1.00%,1,0.50%
2019,Arkansas,Southeast,3017804,1200,1.70%,474,2.00%,352,1.50%,54,0.80%,41,1.50%,30,0.90%,463,1.20%,380,1.30%,256,1.60%,366,1.50%,12,1.10%,2,1.00%
2020,Arkansas,Southeast,3011524,1093,1.60%,464,2.10%,333,1.60%,57,0.90%,25,1.00%,33,0.90%,411,1.10%,335,1.20%,204,1.40%,363,1.50%,8,0.80%,3,0.70%
2021,Arkansas,Southeast,3025891,1107,1.60%,472,2.10%,338,1.60%,47,0.70%,28,1.20%,32,0.90%,444,1.20%,357,1.30%,186,1.30%,391,1.60%,12,1.20%,1,0.20%
2009,California,Pacific Coastal,36961229,6654,7.10%,2251,6.70%,1893,6.80%,1319,11.80%,287,8.50%,250,8.50%,2707,8.10%,2225,7.70%,1855,8.10%,1586,7.40%,59,6.30%,0,0.00%
2010,California,Pacific Coastal,37319502,7161,7.20%,2239,6.20%,1846,6.40%,1354,12.00%,329,8.70%,228,8.20%,2939,8.10%,2408,7.80%,1856,8.00%,2017,8.00%,55,5.30%,15,7.50%
2011,California,Pacific Coastal,37638369,7166,7.20%,2372,6.70%,1925,6.70%,1355,11.50%,394,9.50%,249,8.80%,3195,8.60%,2542,8.10%,1852,7.90%,2110,8.20%,50,5.40%,25,10.20%
2012,California,Pacific Coastal,37948800,7399,7.40%,2299,6.90%,2036,6.70%,1350,12.40%,345,9.10%,269,10.10%,3406,9.00%,2698,8.60%,1833,8.00%,2236,8.50%,56,5.20%,35,12.50%
2013,California,Pacific Coastal,38260787,6892,7.40%,2285,6.90%,1824,6.60%,1170,11.00%,335,9.00%,279,8.90%,3223,8.40%,2509,8.00%,1799,8.40%,2125,8.20%,52,5.10%,20,6.00%
2014,California,Pacific Coastal,38596972,6363,7.20%,2176,7.00%,1705,6.60%,1101,11.50%,282,7.90%,270,9.80%,3088,8.10%,2439,7.90%,1569,7.60%,1988,7.80%,46,4.90%,23,6.90%
2015,California,Pacific Coastal,38918045,6199,7.00%,2015,6.50%,1729,6.60%,1058,11.00%,293,8.30%,239,8.70%,2926,7.70%,2292,7.40%,1572,7.60%,1975,7.80%,66,7.00%,22,6.60%
2016,California,Pacific Coastal,39167117,5870,6.40%,1905,5.90%,1560,5.80%,930,9.50%,274,7.20%,192,6.20%,2937,7.00%,2193,6.60%,1517,7.30%,1912,6.80%,99,9.20%,24,10.10%
2017,California,Pacific Coastal,39358497,5423,6.40%,1811,6.30%,1500,5.90%,786,9.50%,270,7.90%,190,5.90%,2752,6.40%,2051,6.40%,1374,7.50%,1915,7.10%,80,8.00%,17,8.30%
2018,California,Pacific Coastal,39461588,4344,5.70%,1365,5.50%,1330,5.40%,619,8.70%,170,5.90%,191,6.00%,2183,5.50%,1622,5.30%,1062,6.30%,1499,6.10%,85,8.00%,13,5.90%
2019,California,Pacific Coastal,39512223,4276,5.90%,1421,5.90%,1321,5.60%,697,9.90%,175,6.40%,185,5.40%,2319,5.90%,1708,5.70%,1065,6.80%,1487,6.10%,71,6.40%,18,8.60%
2020,California,Pacific Coastal,39538223,4130,6.10%,1397,6.30%,1260,5.90%,634,9.90%,197,8.20%,248,7.00%,2306,6.10%,1698,6.10%,985,6.90%,1502,6.20%,84,8.60%,13,3.00%
2021,California,Pacific Coastal,39237836,3865,5.70%,1370,6.20%,1130,5.30%,626,9.80%,184,7.70%,272,7.60%,2158,5.70%,1581,5.60%,1010,7.10%,1381,5.70%,78,8.00%,19,4.30%
2009,Colorado,The Rocky Mountains,4972195,2215,2.40%,578,1.70%,752,2.70%,445,4.00%,133,3.90%,275,9.30%,1023,3.00%,843,2.90%,659,2.90%,593,2.80%,33,3.50%,0,0.00%
2010,Colorado,The Rocky Mountains,5047349,2133,2.10%,617,1.70%,749,2.60%,455,4.00%,164,4.30%,232,8.30%,945,2.60%,784,2.50%,641,2.80%,563,2.20%,33,3.20%,5,2.50%
2011,Colorado,The Rocky Mountains,5121108,1986,2.00%,488,1.40%,676,2.40%,395,3.30%,116,2.80%,164,5.80%,888,2.40%,709,2.30%,539,2.30%,583,2.30%,21,2.30%,6,2.40%
2012,Colorado,The Rocky Mountains,5192647,1956,2.00%,503,1.50%,686,2.30%,310,2.80%,102,2.70%,157,5.90%,864,2.30%,665,2.10%,540,2.40%,612,2.30%,33,3.00%,9,3.20%
2013,Colorado,The Rocky Mountains,5269035,2058,2.20%,482,1.50%,667,2.40%,385,3.60%,108,2.90%,130,4.10%,944,2.40%,714,2.30%,602,2.80%,689,2.70%,29,2.80%,4,1.20%
2014,Colorado,The Rocky Mountains,5350101,1803,2.00%,488,1.60%,581,2.20%,274,2.90%,93,2.60%,125,4.50%,913,2.40%,673,2.20%,533,2.60%,639,2.50%,24,2.60%,5,1.50%
2015,Colorado,The Rocky Mountains,5450623,1906,2.10%,496,1.60%,655,2.50%,292,3.00%,100,2.80%,94,3.40%,971,2.60%,739,2.40%,527,2.60%,650,2.60%,23,2.50%,7,2.10%
2016,Colorado,The Rocky Mountains,5539215,1994,2.20%,615,1.90%,608,2.30%,423,4.30%,246,6.40%,83,2.70%,1085,2.60%,830,2.50%,515,2.50%,665,2.40%,27,2.50%,2,0.80%
2017,Colorado,The Rocky Mountains,5611885,1688,2.00%,459,1.60%,607,2.40%,290,3.50%,103,3.00%,113,3.50%,881,2.10%,686,2.10%,463,2.50%,588,2.20%,32,3.20%,5,2.40%
2018,Colorado,The Rocky Mountains,5691287,1354,1.80%,307,1.20%,506,2.10%,231,3.30%,67,2.30%,83,2.60%,835,2.10%,602,2.00%,370,2.20%,476,1.90%,37,3.50%,1,0.50%
2019,Colorado,The Rocky Mountains,5758736,1322,1.80%,343,1.40%,498,2.10%,203,2.90%,68,2.50%,64,1.90%,805,2.10%,551,1.80%,363,2.30%,504,2.10%,30,2.70%,1,0.50%
2020,Colorado,The Rocky Mountains,5773714,1155,1.70%,276,1.30%,454,2.10%,171,2.70%,49,2.00%,66,1.90%,783,2.10%,543,1.90%,298,2.10%,431,1.80%,40,4.10%,0,0.00%
2021,Colorado,The Rocky Mountains,5812069,1006,1.50%,270,1.20%,372,1.70%,132,2.10%,63,2.60%,83,2.30%,687,1.80%,480,1.70%,269,1.90%,400,1.60%,34,3.50%,5,1.10%
2009,Connecticut,New England,3561807,191,0.20%,43,0.10%,52,0.20%,33,0.30%,10,0.30%,12,0.40%,56,0.20%,47,0.20%,74,0.30%,50,0.20%,4,0.40%,0,0.00%
2010,Connecticut,New England,3579114,295,0.30%,99,0.30%,82,0.30%,41,0.40%,13,0.30%,18,0.60%,115,0.30%,91,0.30%,66,0.30%,91,0.40%,1,0.10%,0,0.00%
2011,Connecticut,New England,3588283,262,0.30%,81,0.20%,63,0.20%,30,0.30%,13,0.30%,16,0.60%,99,0.30%,77,0.20%,66,0.30%,88,0.30%,3,0.30%,1,0.40%
2012,Connecticut,New England,3594547,279,0.30%,81,0.20%,76,0.30%,44,0.40%,17,0.40%,17,0.60%,101,0.30%,73,0.20%,87,0.40%,87,0.30%,2,0.20%,2,0.70%
2013,Connecticut,New England,3594841,294,0.30%,88,0.30%,70,0.30%,28,0.30%,5,0.10%,11,0.30%,108,0.30%,82,0.30%,91,0.40%,100,0.40%,1,0.10%,0,0.00%
2014,Connecticut,New England,3594524,270,0.30%,98,0.30%,62,0.20%,23,0.20%,14,0.40%,18,0.70%,114,0.30%,97,0.30%,78,0.40%,90,0.40%,1,0.10%,1,0.30%
2015,Connecticut,New England,3587122,238,0.30%,63,0.20%,71,0.30%,27,0.30%,6,0.20%,15,0.50%,85,0.20%,64,0.20%,75,0.40%,87,0.30%,4,0.40%,0,0.00%
2016,Connecticut,New England,3578141,253,0.30%,62,0.20%,66,0.20%,30,0.30%,14,0.40%,11,0.40%,104,0.20%,80,0.20%,88,0.40%,90,0.30%,2,0.20%,1,0.40%
2017,Connecticut,New England,3573297,264,0.30%,98,0.30%,68,0.30%,39,0.50%,13,0.40%,24,0.70%,100,0.20%,74,0.20%,65,0.40%,91,0.30%,5,0.50%,1,0.50%
2018,Connecticut,New England,3571520,214,0.30%,65,0.30%,66,0.30%,24,0.30%,5,0.20%,21,0.70%,79,0.20%,55,0.20%,55,0.30%,82,0.30%,3,0.30%,2,0.90%
2019,Connecticut,New England,3565287,288,0.40%,72,0.30%,91,0.40%,35,0.50%,16,0.60%,33,1.00%,132,0.30%,97,0.30%,95,0.60%,97,0.40%,7,0.60%,4,1.90%
2020,Connecticut,New England,3605944,218,0.30%,52,0.20%,76,0.40%,32,0.50%,14,0.60%,24,0.70%,95,0.30%,77,0.30%,60,0.40%,92,0.40%,3,0.30%,1,0.20%
2021,Connecticut,New England,3605597,211,0.30%,66,0.30%,63,0.30%,33,0.50%,9,0.40%,31,0.90%,109,0.30%,81,0.30%,60,0.40%,87,0.40%,2,0.20%,0,0.00%
2009,Delaware,Mid-Atlantic,891730,163,0.20%,57,0.20%,55,0.20%,15,0.10%,7,0.20%,0,0.00%,53,0.20%,45,0.20%,43,0.20%,42,0.20%,1,0.10%,0,0.00%
2010,Delaware,Mid-Atlantic,899593,175,0.20%,69,0.20%,52,0.20%,13,0.10%,10,0.30%,2,0.10%,51,0.10%,47,0.20%,48,0.20%,44,0.20%,2,0.20%,0,0.00%
2011,Delaware,Mid-Atlantic,907381,228,0.20%,82,0.20%,65,0.20%,13,0.10%,9,0.20%,10,0.40%,85,0.20%,72,0.20%,43,0.20%,74,0.30%,4,0.40%,0,0.00%
2012,Delaware,Mid-Atlantic,915179,184,0.20%,71,0.20%,40,0.10%,21,0.20%,8,0.20%,3,0.10%,59,0.20%,51,0.20%,41,0.20%,46,0.20%,3,0.30%,0,0.00%
2013,Delaware,Mid-Atlantic,923576,156,0.20%,54,0.20%,44,0.20%,19,0.20%,7,0.20%,3,0.10%,54,0.10%,41,0.10%,42,0.20%,55,0.20%,1,0.10%,0,0.00%
2014,Delaware,Mid-Atlantic,932487,155,0.20%,63,0.20%,43,0.20%,11,0.10%,6,0.20%,3,0.10%,74,0.20%,59,0.20%,44,0.20%,37,0.10%,0,0.00%,0,0.00%
2015,Delaware,Mid-Atlantic,941252,168,0.20%,60,0.20%,45,0.20%,13,0.10%,4,0.10%,2,0.10%,65,0.20%,50,0.20%,38,0.20%,48,0.20%,3,0.30%,0,0.00%
2016,Delaware,Mid-Atlantic,948921,168,0.20%,76,0.20%,47,0.20%,19,0.20%,3,0.10%,2,0.10%,64,0.20%,57,0.20%,31,0.10%,39,0.10%,2,0.20%,0,0.00%
2017,Delaware,Mid-Atlantic,956823,137,0.20%,48,0.20%,29,0.10%,14,0.20%,6,0.20%,1,0.00%,60,0.10%,38,0.10%,32,0.20%,50,0.20%,2,0.20%,0,0.00%
2018,Delaware,Mid-Atlantic,965479,153,0.20%,59,0.20%,41,0.20%,16,0.20%,7,0.20%,8,0.30%,80,0.20%,65,0.20%,40,0.20%,48,0.20%,2,0.20%,1,0.50%
2019,Delaware,Mid-Atlantic,973764,193,0.30%,69,0.30%,58,0.20%,15,0.20%,6,0.20%,15,0.40%,108,0.30%,89,0.30%,42,0.30%,63,0.30%,6,0.50%,1,0.50%
2020,Delaware,Mid-Atlantic,989948,211,0.30%,82,0.40%,73,0.30%,15,0.20%,6,0.20%,14,0.40%,137,0.40%,106,0.40%,30,0.20%,72,0.30%,7,0.70%,3,0.70%
2021,Delaware,Mid-Atlantic,1003384,247,0.40%,88,0.40%,77,0.40%,16,0.30%,11,0.50%,15,0.40%,130,0.30%,93,0.30%,47,0.30%,100,0.40%,6,0.60%,0,0.00%
2009,Florida,Southeast,18652644,7043,7.60%,2189,6.50%,2164,7.70%,1368,12.30%,247,7.30%,237,8.10%,2519,7.50%,2210,7.60%,1640,7.20%,1318,6.10%,30,3.20%,0,0.00%
2010,Florida,Southeast,18845537,7779,7.80%,2402,6.70%,2359,8.10%,1379,12.20%,280,7.40%,224,8.10%,2942,8.10%,2607,8.40%,1729,7.40%,1681,6.70%,25,2.40%,7,3.50%
2011,Florida,Southeast,19053237,8088,8.10%,2598,7.30%,2406,8.40%,1446,12.20%,313,7.50%,266,9.40%,3231,8.70%,2864,9.10%,1782,7.60%,1732,6.70%,36,3.90%,12,4.90%
2012,Florida,Southeast,19297822,7940,8.00%,2274,6.80%,2698,8.90%,1352,12.40%,316,8.30%,162,6.10%,3036,8.00%,2590,8.30%,1694,7.40%,1789,6.80%,50,4.60%,12,4.30%
2013,Florida,Southeast,19545621,7597,8.10%,2533,7.70%,2186,7.90%,1649,15.50%,298,8.00%,569,18.10%,3095,8.00%,2564,8.10%,1641,7.70%,1825,7.00%,46,4.50%,9,2.70%
2014,Florida,Southeast,19845911,7528,8.50%,2189,7.00%,2159,8.30%,1353,14.10%,311,8.80%,182,6.60%,3261,8.60%,2666,8.70%,1750,8.50%,2025,8.00%,47,5.00%,5,1.50%
2015,Florida,Southeast,20209042,7158,8.10%,2136,6.90%,2059,7.90%,1225,12.80%,269,7.60%,178,6.50%,3236,8.50%,2681,8.70%,1562,7.60%,2109,8.30%,42,4.50%,14,4.20%
2016,Florida,Southeast,20613477,7610,8.30%,2285,7.10%,2332,8.70%,1275,13.00%,302,7.90%,291,9.40%,3530,8.40%,2882,8.70%,1661,8.00%,2221,7.90%,57,5.30%,8,3.40%
2017,Florida,Southeast,20963613,6858,8.10%,2153,7.50%,2041,8.00%,1066,12.80%,256,7.50%,341,10.50%,3486,8.80%,2814,8.80%,1366,7.40%,2222,8.30%,29,2.90%,6,2.90%
2018,Florida,Southeast,21244317,6617,8.70%,1795,7.30%,2113,8.60%,950,13.40%,258,9.00%,253,8.00%,3622,9.20%,2837,9.30%,1256,7.40%,2184,8.90%,38,3.60%,4,1.80%
2019,Florida,Southeast,21477737,5990,8.20%,1827,7.60%,1848,7.90%,990,14.10%,205,7.50%,314,9.20%,3396,8.70%,2610,8.70%,1193,7.70%,1995,8.20%,44,3.90%,6,2.90%
2020,Florida,Southeast,21538187,5868,8.70%,1713,7.80%,1866,8.70%,824,12.90%,206,8.60%,316,8.90%,3556,9.40%,2746,9.80%,1144,8.10%,2136,8.80%,34,3.50%,5,1.10%
2021,Florida,Southeast,21781128,4941,7.30%,1474,6.70%,1502,7.00%,677,10.60%,157,6.50%,333,9.30%,3062,8.10%,2260,8.10%,931,6.60%,1986,8.20%,35,3.60%,14,3.20%
2009,Georgia,Southeast,9620846,5334,5.70%,2510,7.50%,1557,5.60%,598,5.40%,274,8.10%,114,3.90%,1882,5.60%,1687,5.80%,1197,5.30%,900,4.20%,58,6.20%,0,0.00%
2010,Georgia,Southeast,9711881,5771,5.80%,2610,7.30%,1755,6.00%,462,4.10%,194,5.10%,69,2.50%,1928,5.30%,1768,5.70%,1141,4.90%,1141,4.50%,70,6.70%,10,5.00%
2011,Georgia,Southeast,9802431,5599,5.60%,2417,6.80%,1636,5.70%,446,3.80%,168,4.00%,76,2.70%,1877,5.00%,1636,5.20%,1047,4.50%,1219,4.70%,58,6.30%,7,2.90%
2012,Georgia,Southeast,9901430,5903,5.90%,2506,7.50%,1850,6.10%,451,4.10%,185,4.90%,81,3.00%,2043,5.40%,1810,5.80%,1042,4.60%,1315,5.00%,49,4.50%,7,2.50%
2013,Georgia,Southeast,9972479,5162,5.50%,2212,6.70%,1641,5.90%,397,3.70%,130,3.50%,73,2.30%,1973,5.10%,1700,5.40%,936,4.40%,1179,4.50%,38,3.70%,10,3.00%
2014,Georgia,Southeast,10067278,4820,5.40%,1968,6.30%,1517,5.80%,324,3.40%,145,4.10%,91,3.30%,1906,5.00%,1604,5.20%,926,4.50%,1177,4.60%,50,5.30%,8,2.40%
2015,Georgia,Southeast,10178447,5234,5.90%,2108,6.80%,1595,6.10%,384,4.00%,181,5.10%,100,3.60%,2248,5.90%,1863,6.10%,971,4.70%,1382,5.40%,46,4.90%,13,3.90%
2016,Georgia,Southeast,10301890,5273,5.80%,2165,6.70%,1684,6.30%,367,3.70%,195,5.10%,100,3.20%,2577,6.10%,2105,6.40%,1028,4.90%,1462,5.20%,65,6.00%,7,2.90%
2017,Georgia,Southeast,10410330,4894,5.80%,1864,6.50%,1596,6.20%,334,4.00%,183,5.30%,147,4.50%,2434,6.10%,1943,6.10%,807,4.40%,1362,5.10%,51,5.10%,6,2.90%
2018,Georgia,Southeast,10511131,4919,6.40%,1883,7.70%,1566,6.40%,337,4.70%,164,5.70%,139,4.40%,2563,6.50%,2071,6.80%,846,5.00%,1369,5.60%,71,6.70%,11,5.00%
2019,Georgia,Southeast,10617423,4779,6.60%,1731,7.20%,1515,6.40%,310,4.40%,163,6.00%,118,3.50%,2651,6.80%,2059,6.80%,820,5.30%,1501,6.20%,42,3.80%,17,8.10%
2020,Georgia,Southeast,10711908,4025,6.00%,1447,6.60%,1234,5.80%,274,4.30%,127,5.30%,106,3.00%,2398,6.40%,1733,6.20%,704,5.00%,1394,5.70%,38,3.90%,9,2.00%
2021,Georgia,Southeast,10799566,3362,5.00%,1290,5.80%,1084,5.10%,207,3.20%,86,3.60%,117,3.30%,2091,5.60%,1494,5.30%,543,3.80%,1202,4.90%,34,3.50%,5,1.10%
2009,Hawaii,Pacific Coastal,1346717,385,0.40%,102,0.30%,111,0.40%,112,1.00%,9,0.30%,15,0.50%,194,0.60%,168,0.60%,63,0.30%,101,0.50%,3,0.30%,0,0.00%
2010,Hawaii,Pacific Coastal,1363963,275,0.30%,83,0.20%,96,0.30%,50,0.40%,9,0.20%,12,0.40%,113,0.30%,84,0.30%,57,0.20%,111,0.40%,3,0.30%,0,0.00%
2011,Hawaii,Pacific Coastal,1379329,346,0.30%,120,0.30%,82,0.30%,81,0.70%,11,0.30%,13,0.50%,138,0.40%,111,0.40%,81,0.30%,112,0.40%,5,0.50%,2,0.80%
2012,Hawaii,Pacific Coastal,1394804,319,0.30%,104,0.30%,102,0.30%,66,0.60%,8,0.20%,10,0.40%,134,0.40%,115,0.40%,78,0.30%,88,0.30%,4,0.40%,0,0.00%
2013,Hawaii,Pacific Coastal,1408243,358,0.40%,112,0.30%,114,0.40%,65,0.60%,10,0.30%,15,0.50%,155,0.40%,128,0.40%,74,0.30%,122,0.50%,4,0.40%,0,0.00%
2014,Hawaii,Pacific Coastal,1414538,373,0.40%,110,0.40%,118,0.50%,69,0.70%,9,0.30%,20,0.70%,173,0.50%,132,0.40%,86,0.40%,111,0.40%,1,0.10%,0,0.00%
2015,Hawaii,Pacific Coastal,1422052,319,0.40%,103,0.30%,93,0.40%,54,0.60%,10,0.30%,23,0.80%,162,0.40%,131,0.40%,71,0.30%,101,0.40%,5,0.50%,0,0.00%
2016,Hawaii,Pacific Coastal,1427559,291,0.30%,97,0.30%,103,0.40%,36,0.40%,13,0.30%,22,0.70%,150,0.40%,125,0.40%,61,0.30%,93,0.30%,3,0.30%,0,0.00%
2017,Hawaii,Pacific Coastal,1424393,294,0.30%,83,0.30%,93,0.40%,47,0.60%,6,0.20%,13,0.40%,151,0.30%,109,0.30%,66,0.40%,110,0.40%,3,0.30%,1,0.50%
2018,Hawaii,Pacific Coastal,1420593,254,0.30%,68,0.30%,97,0.40%,40,0.60%,10,0.30%,18,0.60%,141,0.40%,105,0.30%,76,0.40%,82,0.30%,4,0.40%,1,0.50%
2019,Hawaii,Pacific Coastal,1415872,330,0.50%,82,0.30%,134,0.60%,63,0.90%,9,0.30%,26,0.80%,178,0.50%,137,0.50%,59,0.40%,113,0.50%,3,0.30%,1,0.50%
2020,Hawaii,Pacific Coastal,1455271,308,0.50%,77,0.30%,125,0.60%,47,0.70%,6,0.20%,15,0.40%,180,0.50%,140,0.50%,68,0.50%,115,0.50%,4,0.40%,0,0.00%
2021,Hawaii,Pacific Coastal,1441553,209,0.30%,63,0.30%,82,0.40%,32,0.50%,9,0.40%,12,0.30%,124,0.30%,92,0.30%,48,0.30%,78,0.30%,1,0.10%,1,0.20%
2009,Idaho,The Rocky Mountains,1554439,81,0.10%,11,0.00%,34,0.10%,6,0.10%,7,0.20%,1,0.00%,26,0.10%,21,0.10%,13,0.10%,30,0.10%,0,0.00%,0,0.00%
2010,Idaho,The Rocky Mountains,1570746,79,0.10%,11,0.00%,23,0.10%,11,0.10%,8,0.20%,0,0.00%,29,0.10%,24,0.10%,26,0.10%,31,0.10%,2,0.20%,0,0.00%
2011,Idaho,The Rocky Mountains,1583910,97,0.10%,17,0.00%,28,0.10%,13,0.10%,5,0.10%,3,0.10%,36,0.10%,26,0.10%,35,0.10%,38,0.10%,2,0.20%,1,0.40%
2012,Idaho,The Rocky Mountains,1595324,80,0.10%,10,0.00%,28,0.10%,8,0.10%,6,0.20%,5,0.20%,35,0.10%,21,0.10%,32,0.10%,31,0.10%,1,0.10%,0,0.00%
2013,Idaho,The Rocky Mountains,1611206,77,0.10%,8,0.00%,21,0.10%,2,0.00%,8,0.20%,4,0.10%,29,0.10%,19,0.10%,22,0.10%,40,0.20%,1,0.10%,0,0.00%
2014,Idaho,The Rocky Mountains,1631112,67,0.10%,5,0.00%,13,0.00%,5,0.10%,8,0.20%,1,0.00%,31,0.10%,15,0.00%,21,0.10%,33,0.10%,0,0.00%,0,0.00%
2015,Idaho,The Rocky Mountains,1651059,78,0.10%,9,0.00%,24,0.10%,5,0.10%,6,0.20%,0,0.00%,31,0.10%,20,0.10%,21,0.10%,40,0.20%,0,0.00%,0,0.00%
2016,Idaho,The Rocky Mountains,1682380,92,0.10%,8,0.00%,30,0.10%,9,0.10%,9,0.20%,0,0.00%,40,0.10%,26,0.10%,17,0.10%,40,0.10%,0,0.00%,0,0.00%
2017,Idaho,The Rocky Mountains,1717715,57,0.10%,10,0.00%,14,0.10%,5,0.10%,4,0.10%,3,0.10%,23,0.00%,15,0.00%,10,0.10%,29,0.10%,1,0.10%,0,0.00%
2018,Idaho,The Rocky Mountains,1750536,41,0.10%,3,0.00%,15,0.10%,2,0.00%,0,0.00%,2,0.10%,21,0.10%,11,0.00%,8,0.00%,23,0.10%,1,0.10%,1,0.50%
2019,Idaho,The Rocky Mountains,1787065,38,0.10%,8,0.00%,10,0.00%,5,0.10%,6,0.20%,1,0.00%,16,0.00%,14,0.00%,7,0.00%,11,0.00%,0,0.00%,0,0.00%
2020,Idaho,The Rocky Mountains,1839106,57,0.10%,12,0.10%,19,0.10%,8,0.10%,2,0.10%,4,0.10%,35,0.10%,26,0.10%,16,0.10%,24,0.10%,1,0.10%,1,0.20%
2021,Idaho,The Rocky Mountains,1900923,49,0.10%,9,0.00%,19,0.10%,5,0.10%,6,0.20%,1,0.00%,31,0.10%,18,0.10%,10,0.10%,18,0.10%,4,0.40%,0,0.00%
2009,Illinois,Midwest,12796778,5713,6.10%,2148,6.40%,1574,5.60%,652,5.90%,158,4.70%,145,4.90%,2008,6.00%,1703,5.90%,1406,6.20%,1399,6.50%,66,7.00%,0,0.00%
2010,Illinois,Midwest,12840503,5288,5.30%,1985,5.50%,1385,4.80%,610,5.40%,180,4.70%,120,4.30%,1999,5.50%,1649,5.30%,1235,5.30%,1402,5.60%,60,5.70%,14,7.00%
2011,Illinois,Midwest,12867454,6098,6.10%,1997,5.60%,1371,4.80%,606,5.10%,192,4.60%,148,5.20%,1949,5.20%,1589,5.10%,2279,9.70%,1339,5.20%,50,5.40%,23,9.40%
2012,Illinois,Midwest,12882510,5490,5.50%,1826,5.40%,1447,4.80%,566,5.20%,165,4.30%,135,5.10%,1902,5.00%,1516,4.90%,1674,7.30%,1390,5.30%,71,6.60%,14,5.00%
2013,Illinois,Midwest,12895129,4781,5.10%,1855,5.60%,1308,4.70%,543,5.10%,169,4.50%,118,3.80%,1951,5.10%,1579,5.00%,1133,5.30%,1360,5.20%,51,5.00%,29,8.70%
2014,Illinois,Midwest,12884493,4487,5.10%,1756,5.70%,1263,4.90%,492,5.10%,154,4.30%,130,4.70%,1885,5.00%,1533,5.00%,1030,5.00%,1362,5.40%,54,5.80%,18,5.40%
2015,Illinois,Midwest,12858913,4581,5.20%,1822,5.90%,1308,5.00%,495,5.20%,180,5.10%,141,5.10%,2012,5.30%,1537,5.00%,1082,5.30%,1414,5.60%,44,4.70%,20,6.00%
2016,Illinois,Midwest,12820527,5072,5.50%,2255,7.00%,1325,4.90%,952,9.70%,167,4.40%,159,5.10%,2327,5.50%,1761,5.30%,1633,7.80%,1466,5.20%,52,4.80%,20,8.40%
2017,Illinois,Midwest,12778828,4392,5.20%,1663,5.80%,1399,5.50%,390,4.70%,155,4.50%,143,4.40%,2382,5.60%,1798,5.60%,1032,5.60%,1414,5.30%,34,3.40%,14,6.80%
2018,Illinois,Midwest,12723071,4444,5.80%,1559,6.30%,1484,6.00%,423,6.00%,146,5.10%,135,4.30%,2551,6.50%,1993,6.50%,1000,5.90%,1353,5.50%,52,4.90%,10,4.50%
2019,Illinois,Midwest,12671821,3928,5.40%,1448,6.00%,1215,5.20%,343,4.90%,129,4.70%,117,3.40%,2285,5.80%,1754,5.80%,858,5.50%,1286,5.30%,55,4.90%,9,4.30%
2020,Illinois,Midwest,12812508,3682,5.50%,1376,6.20%,1119,5.20%,340,5.30%,120,5.00%,148,4.20%,2084,5.50%,1573,5.60%,776,5.50%,1244,5.10%,47,4.80%,8,1.80%
2021,Illinois,Midwest,12671469,3634,5.40%,1308,5.90%,963,4.50%,681,10.70%,108,4.50%,156,4.40%,1842,4.90%,1346,4.80%,841,5.90%,1235,5.10%,43,4.40%,15,3.40%
2009,Indiana,Midwest,6459325,3096,3.30%,1029,3.10%,934,3.30%,173,1.60%,86,2.50%,75,2.50%,1013,3.00%,846,2.90%,798,3.50%,888,4.10%,35,3.70%,0,0.00%
2010,Indiana,Midwest,6490432,3192,3.20%,1058,2.90%,872,3.00%,188,1.70%,99,2.60%,79,2.80%,1029,2.80%,849,2.70%,732,3.10%,967,3.80%,56,5.40%,7,3.50%
2011,Indiana,Midwest,6516528,2940,2.90%,961,2.70%,845,3.00%,213,1.80%,83,2.00%,64,2.30%,986,2.60%,832,2.60%,653,2.80%,841,3.30%,32,3.50%,10,4.10%
2012,Indiana,Midwest,6537703,3063,3.10%,997,3.00%,917,3.00%,179,1.60%,102,2.70%,92,3.50%,1059,2.80%,819,2.60%,736,3.20%,962,3.60%,43,4.00%,5,1.80%
2013,Indiana,Midwest,6568713,3067,3.30%,1010,3.10%,919,3.30%,216,2.00%,106,2.80%,110,3.50%,1177,3.10%,935,3.00%,735,3.40%,958,3.70%,36,3.50%,8,2.40%
2014,Indiana,Midwest,6593644,2700,3.00%,905,2.90%,769,3.00%,182,1.90%,108,3.00%,84,3.00%,1063,2.80%,819,2.70%,680,3.30%,859,3.40%,22,2.30%,7,2.10%
2015,Indiana,Midwest,6608422,2545,2.90%,823,2.60%,826,3.20%,176,1.80%,88,2.50%,88,3.20%,1099,2.90%,890,2.90%,580,2.80%,859,3.40%,21,2.20%,7,2.10%
2016,Indiana,Midwest,6634304,2533,2.80%,810,2.50%,786,2.90%,159,1.60%,83,2.20%,108,3.50%,1077,2.60%,842,2.50%,574,2.80%,925,3.30%,17,1.60%,5,2.10%
2017,Indiana,Midwest,6658078,2389,2.80%,793,2.80%,759,3.00%,139,1.70%,76,2.20%,105,3.20%,1067,2.50%,811,2.50%,550,3.00%,896,3.30%,24,2.40%,1,0.50%
2018,Indiana,Midwest,6695497,1890,2.50%,608,2.50%,639,2.60%,144,2.00%,43,1.50%,87,2.70%,917,2.30%,699,2.30%,411,2.40%,710,2.90%,20,1.90%,2,0.90%
2019,Indiana,Midwest,6732219,1880,2.60%,616,2.60%,635,2.70%,105,1.50%,50,1.80%,96,2.80%,982,2.50%,746,2.50%,388,2.50%,719,3.00%,24,2.10%,5,2.40%
2020,Indiana,Midwest,6785528,1737,2.60%,556,2.50%,569,2.70%,105,1.60%,57,2.40%,55,1.50%,869,2.30%,637,2.30%,363,2.60%,666,2.70%,19,1.90%,4,0.90%
2021,Indiana,Midwest,6805985,1490,2.20%,488,2.20%,495,2.30%,95,1.50%,34,1.40%,71,2.00%,793,2.10%,548,2.00%,324,2.30%,636,2.60%,11,1.10%,4,0.90%
2009,Iowa,Midwest,3032870,195,0.20%,40,0.10%,53,0.20%,23,0.20%,8,0.20%,3,0.10%,46,0.10%,35,0.10%,39,0.20%,77,0.40%,3,0.30%,0,0.00%
2010,Iowa,Midwest,3050745,173,0.20%,50,0.10%,51,0.20%,17,0.20%,4,0.10%,2,0.10%,58,0.20%,44,0.10%,39,0.20%,58,0.20%,2,0.20%,2,1.00%
2011,Iowa,Midwest,3066336,187,0.20%,56,0.20%,42,0.10%,20,0.20%,5,0.10%,1,0.00%,44,0.10%,31,0.10%,43,0.20%,74,0.30%,2,0.20%,2,0.80%
2012,Iowa,Midwest,3076190,208,0.20%,66,0.20%,61,0.20%,20,0.20%,9,0.20%,8,0.30%,54,0.10%,42,0.10%,33,0.10%,84,0.30%,2,0.20%,1,0.40%
2013,Iowa,Midwest,3092997,144,0.20%,37,0.10%,43,0.20%,11,0.10%,6,0.20%,2,0.10%,42,0.10%,35,0.10%,35,0.20%,53,0.20%,1,0.10%,1,0.30%
2014,Iowa,Midwest,3109350,196,0.20%,52,0.20%,46,0.20%,27,0.30%,26,0.70%,4,0.10%,61,0.20%,49,0.20%,40,0.20%,72,0.30%,0,0.00%,0,0.00%
2015,Iowa,Midwest,3120960,183,0.20%,35,0.10%,50,0.20%,17,0.20%,7,0.20%,3,0.10%,72,0.20%,45,0.10%,38,0.20%,86,0.30%,0,0.00%,0,0.00%
2016,Iowa,Midwest,3131371,190,0.20%,60,0.20%,45,0.20%,18,0.20%,5,0.10%,7,0.20%,60,0.10%,43,0.10%,44,0.20%,81,0.30%,2,0.20%,1,0.40%
2017,Iowa,Midwest,3141550,152,0.20%,42,0.10%,35,0.10%,10,0.10%,6,0.20%,7,0.20%,63,0.10%,39,0.10%,40,0.20%,63,0.20%,0,0.00%,0,0.00%
2018,Iowa,Midwest,3148618,154,0.20%,45,0.20%,47,0.20%,8,0.10%,3,0.10%,2,0.10%,72,0.20%,54,0.20%,29,0.20%,66,0.30%,2,0.20%,0,0.00%
2019,Iowa,Midwest,3155070,196,0.30%,54,0.20%,60,0.30%,11,0.20%,8,0.30%,7,0.20%,86,0.20%,65,0.20%,33,0.20%,77,0.30%,0,0.00%,0,0.00%
2020,Iowa,Midwest,3190369,223,0.30%,68,0.30%,77,0.40%,13,0.20%,9,0.40%,9,0.30%,113,0.30%,76,0.30%,54,0.40%,81,0.30%,6,0.60%,1,0.20%
2021,Iowa,Midwest,3193079,192,0.30%,49,0.20%,51,0.20%,18,0.30%,9,0.40%,7,0.20%,90,0.20%,57,0.20%,41,0.30%,73,0.30%,2,0.20%,0,0.00%
2009,Kansas,Midwest,2832704,698,0.70%,279,0.80%,224,0.80%,71,0.60%,23,0.70%,46,1.60%,314,0.90%,280,1.00%,169,0.70%,187,0.90%,8,0.80%,0,0.00%
2010,Kansas,Midwest,2858190,739,0.70%,260,0.70%,241,0.80%,56,0.50%,29,0.80%,33,1.20%,269,0.70%,233,0.80%,184,0.80%,218,0.90%,12,1.10%,1,0.50%
2011,Kansas,Midwest,2869225,873,0.90%,303,0.90%,282,1.00%,71,0.60%,31,0.70%,34,1.20%,351,0.90%,296,0.90%,200,0.90%,243,0.90%,7,0.80%,4,1.60%
2012,Kansas,Midwest,2885257,825,0.80%,277,0.80%,295,1.00%,71,0.70%,34,0.90%,37,1.40%,389,1.00%,314,1.00%,189,0.80%,256,1.00%,9,0.80%,3,1.10%
2013,Kansas,Midwest,2893212,852,0.90%,329,1.00%,284,1.00%,61,0.60%,27,0.70%,58,1.80%,436,1.10%,346,1.10%,200,0.90%,258,1.00%,7,0.70%,5,1.50%
2014,Kansas,Midwest,2900475,681,0.80%,233,0.70%,217,0.80%,58,0.60%,24,0.70%,34,1.20%,365,1.00%,272,0.90%,197,1.00%,224,0.90%,11,1.20%,54,16.20%
2015,Kansas,Midwest,2909011,707,0.80%,229,0.70%,218,0.80%,49,0.50%,17,0.50%,28,1.00%,347,0.90%,258,0.80%,226,1.10%,241,0.90%,9,1.00%,11,3.30%
2016,Kansas,Midwest,2910844,675,0.70%,215,0.70%,213,0.80%,35,0.40%,22,0.60%,42,1.40%,348,0.80%,263,0.80%,158,0.80%,234,0.80%,11,1.00%,0,0.00%
2017,Kansas,Midwest,2908718,623,0.70%,198,0.70%,215,0.80%,50,0.60%,24,0.70%,29,0.90%,372,0.80%,272,0.80%,160,0.90%,213,0.80%,16,1.60%,4,1.90%
2018,Kansas,Midwest,2911359,666,0.90%,224,0.90%,262,1.10%,72,1.00%,37,1.30%,74,2.30%,458,1.20%,367,1.20%,154,0.90%,218,0.90%,14,1.30%,3,1.40%
2019,Kansas,Midwest,2913314,771,1.10%,217,0.90%,344,1.50%,51,0.70%,28,1.00%,80,2.30%,470,1.20%,349,1.20%,135,0.90%,263,1.10%,12,1.10%,5,2.40%
2020,Kansas,Midwest,2937880,653,1.00%,195,0.90%,244,1.10%,49,0.80%,20,0.80%,73,2.00%,416,1.10%,303,1.10%,171,1.20%,241,1.00%,11,1.10%,3,0.70%
2021,Kansas,Midwest,2934582,571,0.80%,175,0.80%,212,1.00%,54,0.80%,18,0.70%,54,1.50%,368,1.00%,279,1.00%,121,0.90%,204,0.80%,4,0.40%,7,1.60%
2009,Kentucky,Southeast,4317074,1030,1.10%,392,1.20%,335,1.20%,70,0.60%,30,0.90%,11,0.40%,290,0.90%,249,0.90%,257,1.10%,243,1.10%,6,0.60%,0,0.00%
2010,Kentucky,Southeast,4348181,1110,1.10%,425,1.20%,337,1.20%,49,0.40%,37,1.00%,4,0.10%,325,0.90%,269,0.90%,264,1.10%,287,1.10%,9,0.90%,7,3.50%
2011,Kentucky,Southeast,4369821,1072,1.10%,355,1.00%,322,1.10%,62,0.50%,38,0.90%,7,0.20%,304,0.80%,257,0.80%,248,1.10%,308,1.20%,11,1.20%,2,0.80%
2012,Kentucky,Southeast,4386346,977,1.00%,335,1.00%,287,0.90%,53,0.50%,44,1.20%,18,0.70%,312,0.80%,256,0.80%,222,1.00%,291,1.10%,4,0.40%,2,0.70%
2013,Kentucky,Southeast,4404659,1029,1.10%,345,1.00%,269,1.00%,66,0.60%,32,0.90%,14,0.40%,343,0.90%,279,0.90%,237,1.10%,306,1.20%,8,0.80%,0,0.00%
2014,Kentucky,Southeast,4414349,975,1.10%,386,1.20%,274,1.10%,77,0.80%,62,1.70%,15,0.50%,368,1.00%,298,1.00%,216,1.00%,289,1.10%,4,0.40%,0,0.00%
2015,Kentucky,Southeast,4425976,881,1.00%,332,1.10%,282,1.10%,64,0.70%,26,0.70%,26,0.90%,309,0.80%,258,0.80%,213,1.00%,266,1.00%,11,1.20%,3,0.90%
2016,Kentucky,Southeast,4438182,911,1.00%,323,1.00%,273,1.00%,48,0.50%,38,1.00%,16,0.50%,371,0.90%,303,0.90%,233,1.10%,325,1.20%,7,0.70%,1,0.40%
2017,Kentucky,Southeast,4452268,883,1.00%,328,1.10%,262,1.00%,70,0.80%,40,1.20%,31,1.00%,350,0.90%,278,0.90%,184,1.00%,294,1.10%,5,0.50%,3,1.50%
2018,Kentucky,Southeast,4461153,670,0.90%,226,0.90%,217,0.90%,40,0.60%,28,1.00%,35,1.10%,299,0.80%,223,0.70%,118,0.70%,242,1.00%,8,0.80%,1,0.50%
2019,Kentucky,Southeast,4467673,687,0.90%,277,1.20%,203,0.90%,42,0.60%,33,1.20%,31,0.90%,295,0.80%,235,0.80%,162,1.00%,247,1.00%,10,0.90%,2,1.00%
2020,Kentucky,Southeast,4505836,585,0.90%,222,1.00%,160,0.70%,31,0.50%,20,0.80%,45,1.30%,267,0.70%,214,0.80%,134,0.90%,220,0.90%,8,0.80%,2,0.50%
2021,Kentucky,Southeast,4509394,462,0.70%,162,0.70%,134,0.60%,16,0.30%,15,0.60%,14,0.40%,229,0.60%,168,0.60%,104,0.70%,175,0.70%,5,0.50%,2,0.50%
2009,Louisiana,Southeast,4491648,1845,2.00%,949,2.80%,533,1.90%,86,0.80%,47,1.40%,76,2.60%,640,1.90%,622,2.10%,306,1.30%,324,1.50%,8,0.80%,0,0.00%
2010,Louisiana,Southeast,4544532,2130,2.10%,999,2.80%,564,1.90%,145,1.30%,62,1.60%,78,2.80%,752,2.10%,706,2.30%,326,1.40%,387,1.50%,3,0.30%,9,4.50%
2011,Louisiana,Southeast,4575625,2127,2.10%,1050,3.00%,535,1.90%,90,0.80%,69,1.70%,173,6.10%,791,2.10%,749,2.40%,293,1.20%,425,1.70%,2,0.20%,7,2.90%
2012,Louisiana,Southeast,4600972,1970,2.00%,868,2.60%,590,1.90%,76,0.70%,59,1.50%,90,3.40%,740,2.00%,712,2.30%,302,1.30%,395,1.50%,22,2.00%,9,3.20%
2013,Louisiana,Southeast,4624527,1976,2.10%,907,2.70%,545,2.00%,87,0.80%,49,1.30%,65,2.10%,809,2.10%,763,2.40%,327,1.50%,397,1.50%,4,0.40%,9,2.70%
2014,Louisiana,Southeast,4644013,1795,2.00%,846,2.70%,480,1.80%,65,0.70%,59,1.70%,69,2.50%,764,2.00%,694,2.30%,304,1.50%,375,1.50%,9,1.00%,12,3.60%
2015,Louisiana,Southeast,4664628,1779,2.00%,814,2.60%,502,1.90%,78,0.80%,65,1.80%,68,2.50%,811,2.10%,728,2.40%,301,1.50%,364,1.40%,7,0.70%,4,1.20%
2016,Louisiana,Southeast,4678135,1701,1.90%,746,2.30%,502,1.90%,74,0.80%,51,1.30%,84,2.70%,881,2.10%,764,2.30%,244,1.20%,420,1.50%,25,2.30%,8,3.40%
2017,Louisiana,Southeast,4670560,1669,2.00%,684,2.40%,468,1.80%,63,0.80%,44,1.30%,71,2.20%,854,2.40%,763,2.40%,247,1.30%,409,1.50%,20,2.00%,5,2.40%
2018,Louisiana,Southeast,4659690,1273,1.70%,502,2.00%,439,1.80%,57,0.80%,24,0.80%,51,1.60%,619,1.60%,551,1.80%,255,1.50%,361,1.50%,16,1.50%,5,2.30%
2019,Louisiana,Southeast,4648794,1316,1.80%,551,2.30%,481,2.00%,59,0.80%,39,1.40%,68,2.00%,773,2.00%,670,2.20%,213,1.40%,388,1.60%,17,1.50%,3,1.40%
2020,Louisiana,Southeast,4657757,1154,1.70%,505,2.30%,388,1.80%,37,0.60%,23,1.00%,50,1.40%,625,1.70%,536,1.90%,212,1.50%,353,1.50%,17,1.70%,2,0.50%
2021,Louisiana,Southeast,4624047,890,1.30%,389,1.80%,292,1.40%,39,0.60%,22,0.90%,47,1.30%,490,1.30%,411,1.50%,139,1.00%,278,1.10%,18,1.80%,4,0.90%
2009,Maine,New England,1329590,33,0.00%,2,0.00%,10,0.00%,0,0.00%,0,0.00%,0,0.00%,10,0.00%,7,0.00%,14,0.10%,14,0.10%,0,0.00%,0,0.00%
2010,Maine,New England,1327629,49,0.00%,6,0.00%,13,0.00%,6,0.10%,13,0.30%,2,0.10%,17,0.00%,14,0.00%,8,0.00%,20,0.10%,0,0.00%,0,0.00%
2011,Maine,New England,1328284,33,0.00%,3,0.00%,11,0.00%,2,0.00%,0,0.00%,1,0.00%,6,0.00%,5,0.00%,6,0.00%,13,0.10%,0,0.00%,0,0.00%
2012,Maine,New England,1327729,34,0.00%,7,0.00%,12,0.00%,2,0.00%,0,0.00%,1,0.00%,9,0.00%,7,0.00%,9,0.00%,7,0.00%,0,0.00%,0,0.00%
2013,Maine,New England,1328009,34,0.00%,6,0.00%,5,0.00%,4,0.00%,1,0.00%,1,0.00%,10,0.00%,4,0.00%,8,0.00%,17,0.10%,0,0.00%,0,0.00%
2014,Maine,New England,1330513,34,0.00%,4,0.00%,7,0.00%,5,0.10%,1,0.00%,0,0.00%,9,0.00%,5,0.00%,9,0.00%,12,0.00%,0,0.00%,0,0.00%
2015,Maine,New England,1328262,27,0.00%,7,0.00%,4,0.00%,3,0.00%,2,0.10%,1,0.00%,6,0.00%,6,0.00%,10,0.00%,11,0.00%,0,0.00%,0,0.00%
2016,Maine,New England,1331317,30,0.00%,6,0.00%,8,0.00%,1,0.00%,1,0.00%,1,0.00%,11,0.00%,9,0.00%,10,0.00%,13,0.00%,1,0.10%,1,0.40%
2017,Maine,New England,1334612,35,0.00%,5,0.00%,7,0.00%,0,0.00%,2,0.10%,0,0.00%,15,0.00%,11,0.00%,11,0.10%,21,0.10%,0,0.00%,0,0.00%
2018,Maine,New England,1339057,25,0.00%,4,0.00%,10,0.00%,1,0.00%,0,0.00%,2,0.10%,13,0.00%,9,0.00%,4,0.00%,11,0.00%,0,0.00%,0,0.00%
2019,Maine,New England,1344212,38,0.10%,6,0.00%,13,0.10%,0,0.00%,2,0.10%,2,0.10%,14,0.00%,10,0.00%,3,0.00%,14,0.10%,1,0.10%,1,0.50%
2020,Maine,New England,1362359,26,0.00%,7,0.00%,5,0.00%,2,0.00%,1,0.00%,2,0.10%,13,0.00%,8,0.00%,7,0.00%,15,0.10%,12,1.20%,0,0.00%
2021,Maine,New England,1372247,39,0.10%,3,0.00%,11,0.10%,2,0.00%,5,0.20%,1,0.00%,18,0.00%,12,0.00%,10,0.10%,20,0.10%,0,0.00%,0,0.00%
2009,Maryland,Mid-Atlantic,19307066,1835,2.00%,744,2.20%,594,2.10%,207,1.90%,76,2.20%,68,2.30%,734,2.20%,642,2.20%,437,1.90%,380,1.80%,13,1.40%,0,0.00%
2010,Maryland,Mid-Atlantic,19399878,2927,2.90%,1234,3.40%,813,2.80%,322,2.80%,132,3.50%,111,4.00%,1171,3.20%,1052,3.40%,556,2.40%,667,2.70%,25,2.40%,2,1.00%
2011,Maryland,Mid-Atlantic,19499241,2301,2.30%,917,2.60%,657,2.30%,247,2.10%,113,2.70%,82,2.90%,881,2.40%,787,2.50%,440,1.90%,553,2.10%,23,2.50%,5,2.00%
2012,Maryland,Mid-Atlantic,19572932,2480,2.50%,976,2.90%,671,2.20%,256,2.40%,103,2.70%,97,3.60%,1029,2.70%,910,2.90%,528,2.30%,606,2.30%,25,2.30%,13,4.60%
2013,Maryland,Mid-Atlantic,19624447,2537,2.70%,946,2.90%,686,2.50%,243,2.30%,117,3.10%,113,3.60%,1115,2.90%,969,3.10%,549,2.60%,631,2.40%,23,2.30%,8,2.40%
2014,Maryland,Mid-Atlantic,19651049,2499,2.80%,925,3.00%,653,2.50%,262,2.70%,98,2.80%,110,4.00%,1122,3.00%,988,3.20%,478,2.30%,623,2.50%,27,2.90%,7,2.10%
2015,Maryland,Mid-Atlantic,19654666,2349,2.60%,886,2.90%,626,2.40%,244,2.50%,98,2.80%,77,2.80%,1007,2.70%,867,2.80%,447,2.20%,614,2.40%,17,1.80%,7,2.10%
2016,Maryland,Mid-Atlantic,19633428,2291,2.50%,874,2.70%,635,2.40%,189,1.90%,97,2.50%,93,3.00%,1067,2.50%,892,2.70%,478,2.30%,576,2.10%,16,1.50%,10,4.20%
2017,Maryland,Mid-Atlantic,19589572,2374,2.80%,887,3.10%,693,2.70%,254,3.10%,81,2.40%,104,3.20%,1150,3.10%,980,3.10%,431,2.30%,617,2.30%,25,2.50%,7,3.40%
2018,Maryland,Mid-Atlantic,19530351,1914,2.50%,634,2.60%,565,2.30%,138,1.90%,77,2.70%,99,3.10%,938,2.40%,761,2.50%,372,2.20%,549,2.20%,29,2.70%,0,0.00%
2019,Maryland,Mid-Atlantic,19453561,1739,2.40%,574,2.40%,488,2.10%,153,2.20%,65,2.40%,99,2.90%,823,2.10%,639,2.10%,305,2.00%,528,2.20%,29,2.60%,8,3.80%
2020,Maryland,Mid-Atlantic,20201249,1645,2.40%,571,2.60%,467,2.20%,158,2.50%,59,2.50%,123,3.50%,837,2.20%,649,2.30%,291,2.10%,566,2.30%,18,1.80%,5,1.10%
2021,Maryland,Mid-Atlantic,19835913,1819,2.70%,702,3.20%,539,2.50%,175,2.70%,87,3.60%,159,4.50%,987,2.60%,798,2.90%,331,2.30%,579,2.40%,41,4.20%,12,2.70%
2009,Massachusetts,New England,9449566,290,0.30%,84,0.30%,69,0.20%,46,0.40%,13,0.40%,29,1.00%,98,0.30%,86,0.30%,73,0.30%,76,0.40%,1,0.10%,0,0.00%
2010,Massachusetts,New England,9574323,419,0.40%,111,0.30%,127,0.40%,53,0.50%,19,0.50%,35,1.30%,145,0.40%,118,0.40%,103,0.40%,128,0.50%,2,0.20%,2,1.00%
2011,Massachusetts,New England,9657592,459,0.50%,106,0.30%,145,0.50%,67,0.60%,24,0.60%,33,1.20%,182,0.50%,145,0.50%,124,0.50%,132,0.50%,3,0.30%,1,0.40%
2012,Massachusetts,New England,9749476,426,0.40%,82,0.20%,139,0.50%,56,0.50%,13,0.30%,15,0.60%,143,0.40%,111,0.40%,137,0.60%,128,0.50%,3,0.30%,0,0.00%
2013,Massachusetts,New England,9843336,400,0.40%,100,0.30%,113,0.40%,64,0.60%,15,0.40%,31,1.00%,140,0.40%,102,0.30%,98,0.50%,134,0.50%,4,0.40%,0,0.00%
2014,Massachusetts,New England,9932887,436,0.50%,107,0.30%,119,0.50%,68,0.70%,26,0.70%,28,1.00%,169,0.40%,149,0.50%,137,0.70%,129,0.50%,5,0.50%,0,0.00%
2015,Massachusetts,New England,10031646,594,0.70%,118,0.40%,116,0.40%,70,0.70%,16,0.50%,23,0.80%,173,0.50%,142,0.50%,111,0.50%,301,1.20%,0,0.00%,1,0.30%
2016,Massachusetts,New England,10154788,503,0.50%,135,0.40%,129,0.50%,98,1.00%,19,0.50%,23,0.70%,197,0.50%,157,0.50%,142,0.70%,159,0.60%,3,0.30%,2,0.80%
2017,Massachusetts,New England,10268233,470,0.60%,115,0.40%,146,0.60%,57,0.70%,33,1.00%,23,0.70%,213,0.50%,171,0.50%,110,0.60%,147,0.50%,6,0.60%,3,1.50%
2018,Massachusetts,New England,10381615,412,0.50%,107,0.40%,144,0.60%,41,0.60%,14,0.50%,28,0.90%,171,0.40%,126,0.40%,102,0.60%,133,0.50%,5,0.50%,4,1.80%
2019,Massachusetts,New England,10488084,379,0.50%,104,0.40%,135,0.60%,56,0.80%,17,0.60%,38,1.10%,157,0.40%,128,0.40%,90,0.60%,114,0.50%,7,0.60%,2,1.00%
2020,Massachusetts,New England,10439388,341,0.50%,92,0.40%,84,0.40%,54,0.80%,19,0.80%,47,1.30%,154,0.40%,110,0.40%,78,0.50%,142,0.60%,8,0.80%,6,1.40%
2021,Massachusetts,New England,10551162,315,0.50%,88,0.40%,77,0.40%,31,0.50%,8,0.30%,29,0.80%,144,0.40%,107,0.40%,103,0.70%,121,0.50%,9,0.90%,1,0.20%
2009,Michigan,Midwest,664968,2325,2.50%,777,2.30%,617,2.20%,184,1.70%,73,2.20%,39,1.30%,603,1.80%,507,1.80%,591,2.60%,655,3.10%,11,1.20%,0,0.00%
2010,Michigan,Midwest,674715,2737,2.70%,915,2.50%,736,2.50%,142,1.30%,76,2.00%,41,1.50%,743,2.00%,607,2.00%,715,3.10%,787,3.10%,25,2.40%,5,2.50%
2011,Michigan,Midwest,685225,2725,2.70%,835,2.40%,792,2.80%,151,1.30%,92,2.20%,29,1.00%,755,2.00%,614,2.00%,592,2.50%,778,3.00%,27,2.90%,4,1.60%
2012,Michigan,Midwest,701176,2587,2.60%,860,2.60%,686,2.30%,129,1.20%,74,1.90%,19,0.70%,781,2.10%,628,2.00%,545,2.40%,814,3.10%,17,1.60%,4,1.40%
2013,Michigan,Midwest,722036,2604,2.80%,855,2.60%,722,2.60%,145,1.40%,94,2.50%,25,0.80%,773,2.00%,608,1.90%,576,2.70%,855,3.30%,21,2.10%,10,3.00%
2014,Michigan,Midwest,737401,2624,3.00%,893,2.90%,680,2.60%,150,1.60%,75,2.10%,25,0.90%,844,2.20%,661,2.10%,624,3.00%,833,3.30%,24,2.60%,3,0.90%
2015,Michigan,Midwest,754066,2551,2.90%,786,2.50%,684,2.60%,140,1.50%,79,2.20%,26,0.90%,908,2.40%,716,2.30%,544,2.60%,823,3.20%,24,2.60%,7,2.10%
2016,Michigan,Midwest,754434,2695,2.90%,891,2.80%,729,2.70%,155,1.60%,98,2.60%,30,1.00%,981,2.30%,776,2.30%,623,3.00%,872,3.10%,48,4.50%,9,3.80%
2017,Michigan,Midwest,754942,2489,3.00%,779,2.70%,664,2.60%,157,1.90%,114,3.30%,28,0.90%,986,2.30%,741,2.30%,505,2.70%,831,3.10%,35,3.50%,6,2.90%
2018,Michigan,Midwest,758080,2473,3.20%,860,3.50%,707,2.90%,128,1.80%,89,3.10%,36,1.10%,1131,2.90%,872,2.90%,529,3.10%,846,3.40%,29,2.70%,6,2.70%
2019,Michigan,Midwest,762062,2358,3.20%,790,3.30%,663,2.80%,145,2.10%,87,3.20%,51,1.50%,1022,2.60%,822,2.70%,485,3.10%,798,3.30%,32,2.90%,8,3.80%
2020,Michigan,Midwest,779094,1551,2.30%,517,2.30%,446,2.10%,113,1.80%,60,2.50%,27,0.80%,672,1.80%,499,1.80%,302,2.10%,559,2.30%,0,0.00%,5,1.10%
2021,Michigan,Midwest,774948,1284,1.90%,415,1.90%,388,1.80%,77,1.20%,29,1.20%,16,0.40%,611,1.60%,441,1.60%,260,1.80%,498,2.00%,14,1.40%,2,0.50%
2009,Minnesota,Midwest,11528896,1263,1.40%,472,1.40%,323,1.20%,201,1.80%,96,2.80%,24,0.80%,590,1.80%,426,1.50%,314,1.40%,429,2.00%,27,2.90%,0,0.00%
2010,Minnesota,Midwest,11539336,1158,1.20%,410,1.10%,271,0.90%,146,1.30%,48,1.30%,31,1.10%,529,1.50%,338,1.10%,280,1.20%,464,1.80%,14,1.30%,2,1.00%
2011,Minnesota,Midwest,11544663,1204,1.20%,469,1.30%,279,1.00%,239,2.00%,79,1.90%,14,0.50%,619,1.70%,418,1.30%,291,1.20%,477,1.90%,21,2.30%,3,1.20%
2012,Minnesota,Midwest,11548923,1120,1.10%,448,1.30%,288,0.90%,196,1.80%,115,3.00%,38,1.40%,544,1.40%,343,1.10%,264,1.20%,427,1.60%,20,1.80%,6,2.10%
2013,Minnesota,Midwest,11576684,982,1.00%,349,1.10%,245,0.90%,114,1.10%,37,1.00%,29,0.90%,554,1.40%,343,1.10%,260,1.20%,358,1.40%,17,1.70%,1,0.30%
2014,Minnesota,Midwest,11602700,981,1.10%,360,1.20%,260,1.00%,122,1.30%,41,1.20%,37,1.30%,567,1.50%,334,1.10%,266,1.30%,376,1.50%,17,1.80%,6,1.80%
2015,Minnesota,Midwest,11617527,939,1.10%,369,1.20%,267,1.00%,112,1.20%,49,1.40%,50,1.80%,579,1.50%,379,1.20%,239,1.20%,375,1.50%,22,2.30%,9,2.70%
2016,Minnesota,Midwest,11634370,892,1.00%,382,1.20%,229,0.90%,177,1.80%,100,2.60%,38,1.20%,530,1.30%,368,1.10%,197,0.90%,318,1.10%,10,0.90%,2,0.80%
2017,Minnesota,Midwest,11659650,727,0.90%,254,0.90%,200,0.80%,81,1.00%,30,0.90%,29,0.90%,460,0.90%,289,0.90%,175,1.00%,314,1.20%,9,0.90%,1,0.50%
2018,Minnesota,Midwest,11676341,756,1.00%,258,1.00%,194,0.80%,77,1.10%,35,1.20%,27,0.90%,474,1.20%,275,0.90%,194,1.10%,335,1.40%,19,1.80%,4,1.80%
2019,Minnesota,Midwest,11689100,694,1.00%,242,1.00%,203,0.90%,95,1.40%,42,1.50%,28,0.80%,435,1.10%,276,0.90%,165,1.10%,322,1.30%,8,0.70%,3,1.40%
2020,Minnesota,Midwest,11799448,795,1.20%,299,1.40%,208,1.00%,92,1.40%,39,1.60%,27,0.80%,528,1.40%,330,1.20%,196,1.40%,371,1.50%,17,1.70%,9,2.00%
2021,Minnesota,Midwest,11780017,699,1.00%,267,1.20%,182,0.90%,87,1.40%,29,1.20%,34,1.00%,439,1.20%,281,1.00%,160,1.10%,319,1.30%,11,1.10%,4,0.90%
2009,Mississippi,Southeast,3717572,1754,1.90%,895,2.70%,465,1.70%,50,0.40%,45,1.30%,13,0.40%,446,1.30%,425,1.50%,253,1.10%,249,1.20%,2,0.20%,0,0.00%
2010,Mississippi,Southeast,3759944,1783,1.80%,917,2.60%,516,1.80%,50,0.40%,30,0.80%,22,0.80%,486,1.30%,456,1.50%,283,1.20%,239,0.90%,6,0.60%,2,1.00%
2011,Mississippi,Southeast,3788379,1844,1.80%,926,2.60%,481,1.70%,104,0.90%,31,0.70%,12,0.40%,451,1.20%,420,1.30%,263,1.10%,328,1.30%,6,0.70%,1,0.40%
2012,Mississippi,Southeast,3818814,1869,1.90%,871,2.60%,605,2.00%,46,0.40%,38,1.00%,13,0.50%,564,1.50%,528,1.70%,283,1.20%,337,1.30%,10,0.90%,5,1.80%
2013,Mississippi,Southeast,3853214,1973,2.10%,959,2.90%,559,2.00%,73,0.70%,37,1.00%,15,0.50%,642,1.70%,597,1.90%,291,1.40%,325,1.30%,12,1.20%,4,1.20%
2014,Mississippi,Southeast,3878187,1781,2.00%,816,2.60%,548,2.10%,43,0.40%,49,1.40%,7,0.30%,609,1.60%,579,1.90%,257,1.20%,283,1.10%,9,1.00%,4,1.20%
2015,Mississippi,Southeast,3909500,1832,2.10%,806,2.60%,509,2.00%,41,0.40%,39,1.10%,15,0.50%,615,1.60%,570,1.90%,291,1.40%,369,1.50%,17,1.80%,7,2.10%
2016,Mississippi,Southeast,3926331,1865,2.00%,818,2.50%,527,2.00%,39,0.40%,43,1.10%,39,1.30%,710,1.70%,656,2.00%,299,1.40%,418,1.50%,11,1.00%,17,7.10%
2017,Mississippi,Southeast,3931316,1812,2.20%,749,2.60%,556,2.20%,37,0.40%,42,1.20%,19,0.60%,738,2.10%,665,2.10%,285,1.60%,412,1.50%,17,1.70%,8,3.90%
2018,Mississippi,Southeast,3940235,1658,2.20%,683,2.80%,514,2.10%,32,0.50%,34,1.20%,18,0.60%,677,1.70%,601,2.00%,260,1.50%,380,1.50%,11,1.00%,8,3.60%
2019,Mississippi,Southeast,3956971,1271,1.70%,499,2.10%,393,1.70%,22,0.30%,28,1.00%,6,0.20%,510,1.30%,440,1.50%,270,1.70%,312,1.30%,21,1.90%,4,1.90%
2020,Mississippi,Southeast,3959353,1125,1.70%,487,2.20%,365,1.70%,26,0.40%,21,0.90%,15,0.40%,438,1.20%,365,1.30%,178,1.30%,269,1.10%,14,1.40%,5,1.10%
2021,Mississippi,Southeast,3986639,1048,1.60%,408,1.80%,342,1.60%,24,0.40%,19,0.80%,19,0.50%,395,1.00%,319,1.10%,202,1.40%,279,1.10%,12,1.20%,4,0.90%
2009,Missouri,Midwest,3808600,2335,2.50%,928,2.80%,737,2.60%,121,1.10%,67,2.00%,84,2.90%,887,2.60%,795,2.70%,614,2.70%,507,2.40%,21,2.20%,0,0.00%
2010,Missouri,Midwest,3837491,2305,2.30%,953,2.70%,680,2.30%,87,0.80%,88,2.30%,76,2.70%,871,2.40%,757,2.40%,578,2.50%,525,2.10%,13,1.20%,7,3.50%
2011,Missouri,Midwest,3872036,2310,2.30%,893,2.50%,717,2.50%,127,1.10%,67,1.60%,74,2.60%,849,2.30%,692,2.20%,605,2.60%,553,2.10%,17,1.80%,4,1.60%
2012,Missouri,Midwest,3899001,2100,2.10%,809,2.40%,660,2.20%,137,1.30%,70,1.80%,56,2.10%,898,2.40%,699,2.20%,522,2.30%,553,2.10%,23,2.10%,17,6.10%
2013,Missouri,Midwest,3922468,1958,2.10%,768,2.30%,577,2.10%,117,1.10%,65,1.70%,63,2.00%,940,2.40%,723,2.30%,495,2.30%,565,2.20%,26,2.60%,7,2.10%
2014,Missouri,Midwest,3963244,1808,2.00%,694,2.20%,607,2.30%,90,0.90%,57,1.60%,58,2.10%,807,2.10%,635,2.10%,508,2.50%,526,2.10%,12,1.30%,9,2.70%
2015,Missouri,Midwest,4015792,1868,2.10%,701,2.30%,611,2.30%,98,1.00%,75,2.10%,76,2.80%,945,2.50%,721,2.30%,476,2.30%,592,2.30%,11,1.20%,8,2.40%
2016,Missouri,Midwest,4089976,2147,2.30%,808,2.50%,646,2.40%,109,1.10%,81,2.10%,123,4.00%,1166,2.80%,854,2.60%,523,2.50%,706,2.50%,26,2.40%,2,0.80%
2017,Missouri,Midwest,4143625,2144,2.50%,755,2.60%,720,2.80%,109,1.30%,85,2.50%,115,3.50%,1172,2.70%,861,2.70%,588,3.20%,698,2.60%,26,2.60%,6,2.90%
2018,Missouri,Midwest,4181886,1572,2.10%,536,2.20%,558,2.30%,67,0.90%,51,1.80%,107,3.40%,1019,2.60%,745,2.40%,401,2.40%,544,2.20%,18,1.70%,7,3.20%
2019,Missouri,Midwest,4217737,1486,2.00%,528,2.20%,555,2.40%,79,1.10%,43,1.60%,118,3.50%,937,2.40%,704,2.30%,331,2.10%,472,1.90%,15,1.30%,2,1.00%
2020,Missouri,Midwest,4237256,1434,2.10%,447,2.00%,515,2.40%,61,1.00%,50,2.10%,109,3.10%,930,2.50%,684,2.40%,341,2.40%,505,2.10%,16,1.60%,4,0.90%
2021,Missouri,Midwest,4246155,1261,1.90%,438,2.00%,459,2.10%,68,1.10%,33,1.40%,96,2.70%,846,2.20%,646,2.30%,259,1.80%,452,1.90%,11,1.10%,3,0.70%
2009,Montana,The Rocky Mountains,5730388,37,0.00%,6,0.00%,15,0.10%,3,0.00%,1,0.00%,1,0.00%,12,0.00%,7,0.00%,13,0.10%,14,0.10%,0,0.00%,0,0.00%
2010,Montana,The Rocky Mountains,5788645,43,0.00%,11,0.00%,10,0.00%,4,0.00%,2,0.10%,0,0.00%,10,0.00%,7,0.00%,18,0.10%,13,0.10%,0,0.00%,0,0.00%
2011,Montana,The Rocky Mountains,5839419,21,0.00%,1,0.00%,6,0.00%,1,0.00%,1,0.00%,0,0.00%,5,0.00%,3,0.00%,10,0.00%,9,0.00%,0,0.00%,0,0.00%
2012,Montana,The Rocky Mountains,5886992,13,0.00%,3,0.00%,5,0.00%,0,0.00%,0,0.00%,0,0.00%,5,0.00%,4,0.00%,5,0.00%,5,0.00%,0,0.00%,0,0.00%
2013,Montana,The Rocky Mountains,5923188,18,0.00%,3,0.00%,5,0.00%,0,0.00%,2,0.10%,0,0.00%,5,0.00%,4,0.00%,5,0.00%,10,0.00%,2,0.20%,0,0.00%
2014,Montana,The Rocky Mountains,5957283,25,0.00%,8,0.00%,15,0.10%,0,0.00%,0,0.00%,0,0.00%,16,0.00%,12,0.00%,14,0.10%,9,0.00%,0,0.00%,0,0.00%
2015,Montana,The Rocky Mountains,5985562,24,0.00%,5,0.00%,11,0.00%,1,0.00%,2,0.10%,93,3.40%,13,0.00%,9,0.00%,9,0.00%,13,0.10%,0,0.00%,1,0.30%
2016,Montana,The Rocky Mountains,6003323,45,0.00%,18,0.10%,21,0.10%,2,0.00%,1,0.00%,0,0.00%,24,0.10%,19,0.10%,21,0.10%,18,0.10%,0,0.00%,0,0.00%
2017,Montana,The Rocky Mountains,6023868,28,0.00%,3,0.00%,9,0.00%,4,0.00%,1,0.00%,1,0.00%,8,0.00%,4,0.00%,11,0.10%,12,0.00%,0,0.00%,1,0.50%
2018,Montana,The Rocky Mountains,6035802,26,0.00%,10,0.00%,10,0.00%,7,0.10%,0,0.00%,6,0.20%,17,0.00%,13,0.00%,2,0.00%,6,0.00%,0,0.00%,0,0.00%
2019,Montana,The Rocky Mountains,6045680,36,0.00%,5,0.00%,15,0.10%,2,0.00%,1,0.00%,1,0.00%,18,0.00%,17,0.10%,7,0.00%,10,0.00%,1,0.10%,0,0.00%
2020,Montana,The Rocky Mountains,6177224,37,0.10%,7,0.00%,16,0.10%,3,0.00%,2,0.10%,2,0.10%,24,0.10%,16,0.10%,9,0.10%,21,0.10%,1,0.10%,1,0.20%
2021,Montana,The Rocky Mountains,6165129,40,0.10%,9,0.00%,9,0.00%,6,0.10%,0,0.00%,1,0.00%,32,0.10%,18,0.10%,13,0.10%,22,0.10%,1,0.10%,1,0.20%
2009,Nebraska,Midwest,6517613,65,0.10%,30,0.10%,15,0.10%,8,0.10%,1,0.00%,2,0.10%,25,0.10%,19,0.10%,16,0.10%,15,0.10%,1,0.10%,0,0.00%
2010,Nebraska,Midwest,6566307,87,0.10%,28,0.10%,20,0.10%,12,0.10%,3,0.10%,3,0.10%,24,0.10%,19,0.10%,27,0.10%,28,0.10%,2,0.20%,1,0.50%
2011,Nebraska,Midwest,6613583,95,0.10%,30,0.10%,22,0.10%,10,0.10%,6,0.10%,1,0.00%,30,0.10%,25,0.10%,22,0.10%,31,0.10%,1,0.10%,1,0.40%
2012,Nebraska,Midwest,6663005,75,0.10%,23,0.10%,24,0.10%,7,0.10%,3,0.10%,2,0.10%,20,0.10%,14,0.00%,28,0.10%,25,0.10%,1,0.10%,0,0.00%
2013,Nebraska,Midwest,6713315,77,0.10%,26,0.10%,26,0.10%,3,0.00%,4,0.10%,3,0.10%,26,0.10%,21,0.10%,15,0.10%,35,0.10%,3,0.30%,0,0.00%
2014,Nebraska,Midwest,6762596,56,0.10%,14,0.00%,19,0.10%,1,0.00%,1,0.00%,2,0.10%,24,0.10%,21,0.10%,19,0.10%,16,0.10%,2,0.20%,0,0.00%
2015,Nebraska,Midwest,6794228,108,0.10%,22,0.10%,24,0.10%,9,0.10%,2,0.10%,2,0.10%,35,0.10%,29,0.10%,44,0.20%,33,0.10%,2,0.20%,5,1.50%
2016,Nebraska,Midwest,6823608,101,0.10%,26,0.10%,25,0.10%,10,0.10%,3,0.10%,5,0.20%,37,0.10%,27,0.10%,37,0.20%,34,0.10%,2,0.20%,0,0.00%
2017,Nebraska,Midwest,6859789,66,0.10%,14,0.00%,22,0.10%,7,0.10%,1,0.00%,3,0.10%,31,0.10%,21,0.10%,18,0.10%,29,0.10%,4,0.40%,1,0.50%
2018,Nebraska,Midwest,6882635,103,0.10%,23,0.10%,40,0.20%,8,0.10%,5,0.20%,2,0.10%,41,0.10%,27,0.10%,34,0.20%,38,0.20%,6,0.60%,3,1.40%
2019,Nebraska,Midwest,6892503,108,0.10%,27,0.10%,29,0.10%,12,0.20%,3,0.10%,8,0.20%,49,0.10%,31,0.10%,22,0.10%,47,0.20%,2,0.20%,7,3.30%
2020,Nebraska,Midwest,7029917,350,0.50%,20,0.10%,36,0.20%,14,0.20%,2,0.10%,8,0.20%,67,0.20%,52,0.20%,34,0.20%,278,1.10%,1,0.10%,229,52.00%
2021,Nebraska,Midwest,6984723,113,0.20%,17,0.10%,50,0.20%,4,0.10%,1,0.00%,4,0.10%,56,0.10%,43,0.20%,21,0.10%,47,0.20%,0,0.00%,6,1.40%
2009,Nevada,The Rocky Mountains,9901591,1032,1.10%,312,0.90%,308,1.10%,155,1.40%,41,1.20%,24,0.80%,386,1.10%,345,1.20%,285,1.30%,244,1.10%,6,0.60%,0,0.00%
2010,Nevada,The Rocky Mountains,9877510,1300,1.30%,369,1.00%,383,1.30%,206,1.80%,46,1.20%,18,0.60%,477,1.30%,407,1.30%,338,1.50%,375,1.50%,37,3.50%,4,2.00%
2011,Nevada,The Rocky Mountains,9882412,1284,1.30%,393,1.10%,386,1.40%,212,1.80%,59,1.40%,34,1.20%,608,1.60%,523,1.70%,391,1.70%,378,1.50%,13,1.40%,4,1.60%
2012,Nevada,The Rocky Mountains,9897145,1267,1.30%,357,1.10%,408,1.30%,214,2.00%,53,1.40%,24,0.90%,593,1.60%,500,1.60%,328,1.40%,343,1.30%,21,1.90%,3,1.10%
2013,Nevada,The Rocky Mountains,9913065,1175,1.30%,350,1.10%,370,1.30%,178,1.70%,54,1.50%,36,1.10%,657,1.70%,551,1.80%,249,1.20%,284,1.10%,16,1.60%,7,2.10%
2014,Nevada,The Rocky Mountains,9929848,1400,1.60%,386,1.20%,423,1.60%,213,2.20%,56,1.60%,50,1.80%,705,1.90%,589,1.90%,370,1.80%,417,1.60%,22,2.30%,5,1.50%
2015,Nevada,The Rocky Mountains,9931715,1330,1.50%,435,1.40%,381,1.50%,203,2.10%,76,2.10%,56,2.00%,852,2.20%,672,2.20%,342,1.70%,355,1.40%,15,1.60%,7,2.10%
2016,Nevada,The Rocky Mountains,9950571,1027,1.10%,315,1.00%,335,1.20%,167,1.70%,41,1.10%,56,1.80%,654,1.60%,462,1.40%,270,1.30%,353,1.30%,27,2.50%,1,0.40%
2017,Nevada,The Rocky Mountains,9973114,978,1.20%,314,1.10%,330,1.30%,156,1.90%,44,1.30%,54,1.70%,558,1.30%,423,1.30%,236,1.30%,322,1.20%,11,1.10%,1,0.50%
2018,Nevada,The Rocky Mountains,9984072,784,1.00%,252,1.00%,264,1.10%,88,1.20%,29,1.00%,51,1.60%,473,1.20%,344,1.10%,189,1.10%,269,1.10%,14,1.30%,4,1.80%
2019,Nevada,The Rocky Mountains,9986857,896,1.20%,267,1.10%,309,1.30%,124,1.80%,40,1.50%,41,1.20%,572,1.50%,414,1.40%,217,1.40%,317,1.30%,13,1.20%,5,2.40%
2020,Nevada,The Rocky Mountains,10077331,794,1.20%,286,1.30%,244,1.10%,81,1.30%,23,1.00%,45,1.30%,502,1.30%,358,1.30%,191,1.30%,261,1.10%,13,1.30%,3,0.70%
2021,Nevada,The Rocky Mountains,10050811,1007,1.50%,303,1.40%,280,1.30%,106,1.70%,27,1.10%,40,1.10%,537,1.40%,376,1.30%,297,2.10%,349,1.40%,9,0.90%,11,2.50%
2009,New Hampshire,New England,5281203,33,0.00%,6,0.00%,10,0.00%,1,0.00%,2,0.10%,3,0.10%,7,0.00%,5,0.00%,12,0.10%,9,0.00%,0,0.00%,0,0.00%
2010,New Hampshire,New England,5310828,56,0.10%,6,0.00%,15,0.10%,6,0.10%,2,0.10%,6,0.20%,15,0.00%,13,0.00%,20,0.10%,27,0.10%,0,0.00%,1,0.50%
2011,New Hampshire,New England,5346143,52,0.10%,7,0.00%,16,0.10%,2,0.00%,1,0.00%,2,0.10%,16,0.00%,12,0.00%,12,0.10%,23,0.10%,0,0.00%,0,0.00%
2012,New Hampshire,New England,5376643,59,0.10%,5,0.00%,16,0.10%,6,0.10%,2,0.10%,5,0.20%,20,0.10%,11,0.00%,14,0.10%,28,0.10%,0,0.00%,0,0.00%
2013,New Hampshire,New England,5413479,52,0.10%,6,0.00%,14,0.10%,4,0.00%,2,0.10%,3,0.10%,18,0.00%,9,0.00%,11,0.10%,25,0.10%,1,0.10%,0,0.00%
2014,New Hampshire,New England,5451079,64,0.10%,6,0.00%,20,0.10%,6,0.10%,2,0.10%,3,0.10%,22,0.10%,19,0.10%,21,0.10%,18,0.10%,2,0.20%,1,0.30%
2015,New Hampshire,New England,5482032,58,0.10%,6,0.00%,14,0.10%,7,0.10%,1,0.00%,3,0.10%,17,0.00%,9,0.00%,22,0.10%,27,0.10%,2,0.20%,0,0.00%
2016,New Hampshire,New England,5522744,56,0.10%,7,0.00%,11,0.00%,3,0.00%,4,0.10%,0,0.00%,18,0.00%,12,0.00%,20,0.10%,22,0.10%,3,0.30%,0,0.00%
2017,New Hampshire,New England,5566230,63,0.10%,7,0.00%,31,0.10%,2,0.00%,0,0.00%,1,0.00%,33,0.10%,27,0.10%,18,0.10%,24,0.10%,1,0.10%,0,0.00%
2018,New Hampshire,New England,5606249,50,0.10%,10,0.00%,13,0.10%,4,0.10%,6,0.20%,1,0.00%,13,0.00%,8,0.00%,21,0.10%,23,0.10%,2,0.20%,0,0.00%
2019,New Hampshire,New England,5639632,54,0.10%,5,0.00%,16,0.10%,3,0.00%,2,0.10%,3,0.10%,24,0.10%,12,0.00%,12,0.10%,30,0.10%,2,0.20%,4,1.90%
2020,New Hampshire,New England,5706494,49,0.10%,11,0.00%,8,0.00%,7,0.10%,1,0.00%,5,0.10%,27,0.10%,12,0.00%,8,0.10%,26,0.10%,1,0.10%,0,0.00%
2021,New Hampshire,New England,5707390,49,0.10%,6,0.00%,15,0.10%,5,0.10%,0,0.00%,6,0.20%,21,0.10%,12,0.00%,15,0.10%,20,0.10%,1,0.10%,0,0.00%
2009,New Jersey,Mid-Atlantic,2958774,1407,1.50%,457,1.40%,395,1.40%,221,2.00%,63,1.90%,51,1.70%,455,1.40%,392,1.40%,379,1.70%,373,1.70%,7,0.70%,0,0.00%
2010,New Jersey,Mid-Atlantic,2970548,1687,1.70%,592,1.60%,458,1.60%,254,2.20%,82,2.20%,60,2.20%,582,1.60%,474,1.50%,448,1.90%,444,1.80%,13,1.20%,5,2.50%
2011,New Jersey,Mid-Atlantic,2978731,1841,1.80%,624,1.80%,457,1.60%,306,2.60%,89,2.10%,64,2.30%,646,1.70%,541,1.70%,429,1.80%,475,1.80%,11,1.20%,6,2.40%
2012,New Jersey,Mid-Atlantic,2983816,1797,1.80%,596,1.80%,462,1.50%,228,2.10%,87,2.30%,56,2.10%,662,1.70%,567,1.80%,446,2.00%,463,1.80%,11,1.00%,4,1.40%
2013,New Jersey,Mid-Atlantic,2988711,1665,1.80%,551,1.70%,400,1.40%,228,2.10%,85,2.30%,35,1.10%,603,1.60%,495,1.60%,375,1.80%,504,1.90%,14,1.40%,2,0.60%
2014,New Jersey,Mid-Atlantic,2990468,1613,1.80%,544,1.80%,378,1.50%,237,2.50%,98,2.80%,37,1.30%,609,1.60%,508,1.70%,385,1.90%,416,1.60%,11,1.20%,4,1.20%
2015,New Jersey,Mid-Atlantic,2988471,1554,1.80%,539,1.70%,354,1.40%,202,2.10%,76,2.10%,56,2.00%,593,1.60%,483,1.60%,369,1.80%,451,1.80%,14,1.50%,4,1.20%
2016,New Jersey,Mid-Atlantic,2987938,1890,2.10%,624,1.90%,500,1.90%,254,2.60%,104,2.70%,42,1.40%,731,1.70%,572,1.70%,437,2.10%,583,2.10%,13,1.20%,2,0.80%
2017,New Jersey,Mid-Atlantic,2988510,1611,1.90%,533,1.90%,447,1.70%,212,2.60%,85,2.50%,47,1.50%,687,1.70%,536,1.70%,400,2.20%,510,1.90%,16,1.60%,1,0.50%
2018,New Jersey,Mid-Atlantic,2981020,1527,2.00%,486,2.00%,436,1.80%,165,2.30%,79,2.80%,69,2.20%,699,1.80%,519,1.70%,388,2.30%,513,2.10%,20,1.90%,2,0.90%
2019,New Jersey,Mid-Atlantic,2976149,1480,2.00%,476,2.00%,437,1.90%,211,3.00%,60,2.20%,67,2.00%,698,1.80%,535,1.80%,348,2.20%,481,2.00%,30,2.70%,5,2.40%
2020,New Jersey,Mid-Atlantic,2961279,1196,1.80%,347,1.60%,351,1.60%,119,1.90%,59,2.50%,63,1.80%,642,1.70%,452,1.60%,262,1.80%,481,2.00%,15,1.50%,7,1.60%
2021,New Jersey,Mid-Atlantic,2949965,1011,1.50%,330,1.50%,255,1.20%,108,1.70%,60,2.50%,59,1.70%,522,1.40%,367,1.30%,244,1.70%,397,1.60%,17,1.70%,2,0.50%
2009,New Mexico,Southwest,5961088,1053,1.10%,202,0.60%,364,1.30%,280,2.50%,29,0.90%,37,1.30%,427,1.30%,362,1.30%,237,1.00%,218,1.00%,32,3.40%,0,0.00%
2010,New Mexico,Southwest,5995974,1108,1.10%,207,0.60%,371,1.30%,247,2.20%,34,0.90%,33,1.20%,430,1.20%,360,1.20%,246,1.10%,250,1.00%,17,1.60%,1,0.50%
2011,New Mexico,Southwest,6010275,1246,1.20%,212,0.60%,371,1.30%,284,2.40%,41,1.00%,25,0.90%,485,1.30%,401,1.30%,391,1.70%,337,1.30%,31,3.40%,0,0.00%
2012,New Mexico,Southwest,6024367,1277,1.30%,243,0.70%,417,1.40%,273,2.50%,36,0.90%,46,1.70%,525,1.40%,421,1.30%,308,1.30%,375,1.40%,21,1.90%,8,2.90%
2013,New Mexico,Southwest,6040715,1121,1.20%,253,0.80%,377,1.40%,229,2.20%,33,0.90%,41,1.30%,517,1.30%,423,1.30%,266,1.20%,314,1.20%,26,2.60%,2,0.60%
2014,New Mexico,Southwest,6056202,955,1.10%,202,0.70%,307,1.20%,180,1.90%,35,1.00%,33,1.20%,465,1.20%,350,1.10%,266,1.30%,286,1.10%,11,1.20%,0,0.00%
2015,New Mexico,Southwest,6071732,976,1.10%,168,0.50%,317,1.20%,173,1.80%,30,0.80%,11,0.40%,427,1.10%,334,1.10%,196,1.00%,326,1.30%,25,2.70%,5,1.50%
2016,New Mexico,Southwest,6087135,920,1.00%,189,0.60%,307,1.10%,158,1.60%,31,0.80%,26,0.80%,451,1.10%,340,1.00%,203,1.00%,291,1.00%,22,2.00%,1,0.40%
2017,New Mexico,Southwest,6106670,843,1.00%,154,0.50%,297,1.20%,158,1.90%,32,0.90%,23,0.70%,449,1.10%,349,1.10%,167,0.90%,246,0.90%,18,1.80%,2,1.00%
2018,New Mexico,Southwest,6121623,582,0.80%,95,0.40%,224,0.90%,87,1.20%,17,0.60%,21,0.70%,322,0.80%,243,0.80%,137,0.80%,186,0.80%,16,1.50%,3,1.40%
2019,New Mexico,Southwest,6137428,398,0.50%,76,0.30%,145,0.60%,54,0.80%,16,0.60%,20,0.60%,186,0.50%,138,0.50%,103,0.70%,121,0.50%,11,1.00%,0,0.00%
2020,New Mexico,Southwest,6154913,386,0.60%,81,0.40%,137,0.60%,62,1.00%,17,0.70%,14,0.40%,230,0.60%,157,0.60%,97,0.70%,148,0.60%,13,1.30%,2,0.50%
2021,New Mexico,Southwest,6168187,351,0.50%,69,0.30%,115,0.50%,57,0.90%,20,0.80%,9,0.30%,192,0.50%,131,0.50%,70,0.50%,137,0.60%,10,1.00%,1,0.20%
2009,New York,Mid-Atlantic,983982,4072,4.40%,1193,3.60%,1318,4.70%,699,6.30%,212,6.30%,303,10.30%,1651,4.90%,1431,4.90%,1087,4.80%,949,4.40%,49,5.20%,0,0.00%
2010,New York,Mid-Atlantic,990697,3804,3.80%,1144,3.20%,1091,3.80%,696,6.20%,218,5.80%,269,9.70%,1405,3.90%,1245,4.00%,869,3.70%,1032,4.10%,43,4.10%,11,5.50%
2011,New York,Mid-Atlantic,997316,3802,3.80%,1162,3.30%,1100,3.90%,675,5.70%,225,5.40%,221,7.80%,1415,3.80%,1238,3.90%,883,3.80%,989,3.80%,47,5.10%,5,2.00%
2012,New York,Mid-Atlantic,1003783,3914,3.90%,1140,3.40%,1226,4.00%,675,6.20%,205,5.40%,231,8.70%,1447,3.80%,1214,3.90%,910,4.00%,1073,4.10%,26,2.40%,9,3.20%
2013,New York,Mid-Atlantic,1013569,3550,3.80%,990,3.00%,1067,3.90%,514,4.80%,174,4.70%,165,5.20%,1398,3.60%,1195,3.80%,845,3.90%,937,3.60%,64,6.30%,7,2.10%
2014,New York,Mid-Atlantic,1021869,3611,4.10%,984,3.20%,1125,4.30%,544,5.70%,208,5.90%,172,6.20%,1537,4.00%,1346,4.40%,789,3.80%,980,3.90%,37,3.90%,6,1.80%
2015,New York,Mid-Atlantic,1030475,3669,4.10%,1038,3.30%,1158,4.40%,628,6.60%,190,5.40%,161,5.80%,1540,4.10%,1305,4.20%,909,4.40%,1058,4.20%,55,5.90%,8,2.40%
2016,New York,Mid-Atlantic,1040859,3740,4.10%,1084,3.40%,1202,4.50%,601,6.10%,180,4.70%,208,6.70%,1604,3.80%,1401,4.20%,865,4.10%,1061,3.80%,57,5.30%,13,5.50%
2017,New York,Mid-Atlantic,1052482,3690,4.40%,1095,3.80%,1142,4.50%,577,7.00%,242,7.00%,225,6.90%,1711,4.70%,1492,4.70%,858,4.70%,1052,3.90%,29,2.90%,8,3.90%
2018,New York,Mid-Atlantic,1060665,3478,4.60%,901,3.70%,1299,5.30%,492,6.90%,187,6.50%,248,7.80%,1654,4.20%,1427,4.70%,806,4.80%,995,4.00%,33,3.10%,17,7.70%
2019,New York,Mid-Atlantic,1068778,3220,4.40%,881,3.70%,1209,5.10%,433,6.20%,179,6.60%,319,9.30%,1841,4.70%,1589,5.30%,632,4.10%,1008,4.20%,64,5.70%,6,2.90%
2020,New York,Mid-Atlantic,1084225,2999,4.40%,872,4.00%,1190,5.60%,433,6.80%,166,6.90%,317,8.90%,1774,4.70%,1481,5.30%,598,4.20%,930,3.80%,55,5.60%,14,3.20%
2021,New York,Mid-Atlantic,1104271,2580,3.80%,776,3.50%,905,4.20%,360,5.60%,106,4.40%,213,6.00%,1497,4.00%,1193,4.30%,504,3.60%,928,3.80%,48,4.90%,6,1.40%
2009,North Carolina,Southeast,1812683,4782,5.10%,1945,5.80%,1308,4.70%,366,3.30%,155,4.60%,59,2.00%,1592,4.70%,1406,4.90%,1052,4.60%,1072,5.00%,35,3.70%,0,0.00%
2010,North Carolina,Southeast,1829542,5219,5.20%,2076,5.80%,1470,5.10%,472,4.20%,205,5.40%,87,3.10%,1822,5.00%,1601,5.20%,994,4.30%,1221,4.90%,47,4.50%,9,4.50%
2011,North Carolina,Southeast,1840672,4918,4.90%,1959,5.50%,1341,4.70%,437,3.70%,174,4.20%,76,2.70%,1814,4.90%,1547,4.90%,991,4.20%,1214,4.70%,38,4.10%,16,6.50%
2012,North Carolina,Southeast,1853303,4778,4.80%,1874,5.60%,1387,4.60%,412,3.80%,183,4.80%,81,3.00%,1809,4.80%,1502,4.80%,934,4.10%,1200,4.50%,48,4.40%,4,1.40%
2013,North Carolina,Southeast,1865279,4453,4.80%,1748,5.30%,1278,4.60%,355,3.30%,190,5.10%,80,2.50%,1887,4.90%,1545,4.90%,849,4.00%,1252,4.80%,37,3.60%,17,5.10%
2014,North Carolina,Southeast,1879321,4017,4.50%,1603,5.20%,1178,4.50%,329,3.40%,168,4.70%,77,2.80%,1659,4.40%,1345,4.40%,864,4.20%,1134,4.50%,22,2.30%,8,2.40%
2015,North Carolina,Southeast,1891277,4113,4.60%,1653,5.30%,1167,4.50%,306,3.20%,193,5.40%,2,0.10%,1779,4.70%,1476,4.80%,858,4.20%,1159,4.60%,45,4.80%,9,2.70%
2016,North Carolina,Southeast,1905616,4372,4.80%,1705,5.30%,1265,4.70%,321,3.30%,210,5.50%,118,3.80%,2077,4.90%,1673,5.10%,885,4.20%,1384,4.90%,41,3.80%,8,3.40%
2017,North Carolina,Southeast,1915947,3752,4.50%,1447,5.10%,1034,4.00%,262,3.20%,149,4.30%,114,3.50%,1854,4.50%,1432,4.50%,751,4.10%,1210,4.50%,52,5.20%,9,4.40%
2018,North Carolina,Southeast,1925614,3583,4.70%,1345,5.50%,1079,4.40%,280,3.90%,141,4.90%,117,3.70%,1864,4.70%,1477,4.80%,758,4.50%,1158,4.70%,45,4.20%,8,3.60%
2019,North Carolina,Southeast,1934408,3345,4.60%,1249,5.20%,1016,4.30%,216,3.10%,142,5.20%,113,3.30%,1832,4.70%,1397,4.60%,687,4.40%,1146,4.70%,41,3.70%,12,5.70%
2020,North Carolina,Southeast,1961504,3439,5.10%,1219,5.50%,1021,4.80%,239,3.70%,106,4.40%,122,3.40%,1959,5.20%,1408,5.00%,649,4.60%,1308,5.40%,45,4.60%,19,4.30%
2021,North Carolina,Southeast,1963692,2958,4.40%,1123,5.10%,808,3.80%,210,3.30%,97,4.00%,101,2.80%,1601,4.30%,1142,4.10%,548,3.90%,1142,4.70%,32,3.30%,9,2.00%
2009,North Dakota,Midwest,2684665,22,0.00%,8,0.00%,7,0.00%,4,0.00%,0,0.00%,0,0.00%,7,0.00%,6,0.00%,5,0.00%,11,0.10%,0,0.00%,0,0.00%
2010,North Dakota,Midwest,2702405,31,0.00%,10,0.00%,13,0.00%,1,0.00%,2,0.10%,0,0.00%,13,0.00%,9,0.00%,11,0.00%,12,0.00%,0,0.00%,0,0.00%
2011,North Dakota,Midwest,2712730,51,0.10%,20,0.10%,10,0.00%,5,0.00%,3,0.10%,4,0.10%,25,0.10%,16,0.10%,8,0.00%,24,0.10%,3,0.30%,0,0.00%
2012,North Dakota,Midwest,2743996,80,0.10%,27,0.10%,24,0.10%,11,0.10%,0,0.00%,2,0.10%,38,0.10%,25,0.10%,18,0.10%,33,0.10%,0,0.00%,2,0.70%
2013,North Dakota,Midwest,2775970,71,0.10%,35,0.10%,27,0.10%,9,0.10%,2,0.10%,2,0.10%,39,0.10%,32,0.10%,14,0.10%,19,0.10%,1,0.10%,0,0.00%
2014,North Dakota,Midwest,2817628,91,0.10%,41,0.10%,24,0.10%,18,0.20%,8,0.20%,7,0.30%,57,0.20%,47,0.20%,11,0.10%,26,0.10%,1,0.10%,0,0.00%
2015,North Dakota,Midwest,2866939,101,0.10%,33,0.10%,29,0.10%,10,0.10%,4,0.10%,0,0.00%,64,0.20%,42,0.10%,27,0.10%,39,0.20%,6,0.60%,0,0.00%
2016,North Dakota,Midwest,2917563,81,0.10%,23,0.10%,29,0.10%,5,0.10%,6,0.20%,1,0.00%,42,0.10%,26,0.10%,13,0.10%,37,0.10%,4,0.40%,2,0.80%
2017,North Dakota,Midwest,2969905,64,0.10%,21,0.10%,14,0.10%,9,0.10%,3,0.10%,2,0.10%,31,0.10%,22,0.10%,11,0.10%,30,0.10%,0,0.00%,0,0.00%
2018,North Dakota,Midwest,3027341,64,0.10%,19,0.10%,26,0.10%,7,0.10%,3,0.10%,1,0.00%,37,0.10%,22,0.10%,21,0.10%,29,0.10%,2,0.20%,0,0.00%
2019,North Dakota,Midwest,3080156,70,0.10%,21,0.10%,25,0.10%,8,0.10%,4,0.10%,1,0.00%,48,0.10%,35,0.10%,12,0.10%,27,0.10%,3,0.30%,1,0.50%
2020,North Dakota,Midwest,3104614,65,0.10%,19,0.10%,25,0.10%,7,0.10%,8,0.30%,2,0.10%,46,0.10%,32,0.10%,9,0.10%,19,0.10%,8,0.80%,0,0.00%
2021,North Dakota,Midwest,3143991,60,0.10%,15,0.10%,25,0.10%,8,0.10%,6,0.20%,2,0.10%,37,0.10%,27,0.10%,10,0.10%,20,0.10%,1,0.10%,0,0.00%
2009,Ohio,Midwest,1316102,3032,3.30%,1060,3.20%,866,3.10%,214,1.90%,115,3.40%,47,1.60%,933,2.80%,804,2.80%,885,3.90%,808,3.80%,36,3.80%,0,0.00%
2010,Ohio,Midwest,1316762,3450,3.50%,1191,3.30%,1008,3.50%,199,1.80%,103,2.70%,47,1.70%,1073,3.00%,908,2.90%,1023,4.40%,927,3.70%,41,3.90%,10,5.00%
2011,Ohio,Midwest,1320202,3137,3.10%,1112,3.10%,855,3.00%,167,1.40%,109,2.60%,54,1.90%,1032,2.80%,825,2.60%,897,3.80%,928,3.60%,29,3.20%,10,4.10%
2012,Ohio,Midwest,1324232,3326,3.30%,1165,3.50%,884,2.90%,185,1.70%,104,2.70%,78,2.90%,1194,3.20%,959,3.10%,955,4.20%,935,3.50%,29,2.70%,8,2.90%
2013,Ohio,Midwest,1326622,3071,3.30%,1098,3.30%,815,2.90%,193,1.80%,128,3.40%,64,2.00%,1167,3.00%,915,2.90%,874,4.10%,970,3.70%,31,3.00%,11,3.30%
2014,Ohio,Midwest,1333341,2893,3.30%,1049,3.40%,804,3.10%,149,1.60%,107,3.00%,47,1.70%,1164,3.10%,894,2.90%,805,3.90%,915,3.60%,28,3.00%,8,2.40%
2015,Ohio,Midwest,1336350,2796,3.10%,979,3.20%,780,3.00%,155,1.60%,90,2.50%,71,2.60%,1183,3.10%,926,3.00%,769,3.70%,910,3.60%,31,3.30%,5,1.50%
2016,Ohio,Midwest,1342307,2673,2.90%,928,2.90%,752,2.80%,159,1.60%,108,2.80%,64,2.10%,1165,2.80%,917,2.80%,688,3.30%,879,3.10%,40,3.70%,6,2.50%
2017,Ohio,Midwest,1348787,2392,2.80%,825,2.90%,672,2.60%,164,2.00%,90,2.60%,82,2.50%,1083,2.50%,810,2.50%,624,3.40%,836,3.10%,28,2.80%,11,5.30%
2018,Ohio,Midwest,1353465,2274,3.00%,815,3.30%,661,2.70%,132,1.90%,92,3.20%,87,2.70%,1020,2.60%,790,2.60%,594,3.50%,789,3.20%,32,3.00%,7,3.20%
2019,Ohio,Midwest,1359711,2392,3.30%,837,3.50%,756,3.20%,148,2.10%,100,3.70%,100,2.90%,1225,3.10%,926,3.10%,592,3.80%,882,3.60%,54,4.80%,5,2.40%
2020,Ohio,Midwest,1377529,2130,3.20%,693,3.10%,685,3.20%,110,1.70%,73,3.00%,73,2.00%,1089,2.90%,813,2.90%,509,3.60%,825,3.40%,34,3.50%,9,2.00%
2021,Ohio,Midwest,1388992,2265,3.40%,790,3.60%,679,3.20%,126,2.00%,62,2.60%,83,2.30%,1242,3.30%,868,3.10%,504,3.60%,942,3.90%,40,4.10%,11,2.50%
2009,Oklahoma,Southwest,8755602,1672,1.80%,575,1.70%,559,2.00%,100,0.90%,49,1.40%,64,2.20%,683,2.00%,578,2.00%,399,1.80%,473,2.20%,21,2.20%,0,0.00%
2010,Oklahoma,Southwest,8799446,1563,1.60%,589,1.60%,501,1.70%,101,0.90%,52,1.40%,43,1.50%,625,1.70%,532,1.70%,373,1.60%,421,1.70%,18,1.70%,2,1.00%
2011,Oklahoma,Southwest,8828117,1663,1.70%,507,1.40%,530,1.90%,112,0.90%,38,0.90%,43,1.50%,627,1.70%,524,1.70%,383,1.60%,483,1.90%,12,1.30%,2,0.80%
2012,Oklahoma,Southwest,8844942,1498,1.50%,484,1.40%,458,1.50%,109,1.00%,40,1.00%,25,0.90%,583,1.50%,497,1.60%,366,1.60%,448,1.70%,31,2.90%,9,3.20%
2013,Oklahoma,Southwest,8856972,1360,1.50%,460,1.40%,471,1.70%,79,0.70%,52,1.40%,32,1.00%,591,1.50%,490,1.60%,308,1.40%,407,1.60%,10,1.00%,4,1.20%
2014,Oklahoma,Southwest,8864525,1294,1.50%,405,1.30%,432,1.70%,109,1.10%,43,1.20%,40,1.50%,560,1.50%,437,1.40%,337,1.60%,449,1.80%,10,1.10%,7,2.10%
2015,Oklahoma,Southwest,8867949,1257,1.40%,427,1.40%,405,1.60%,87,0.90%,50,1.40%,42,1.50%,582,1.50%,468,1.50%,273,1.30%,421,1.70%,8,0.90%,8,2.40%
2016,Oklahoma,Southwest,8870827,1058,1.20%,325,1.00%,349,1.30%,54,0.50%,46,1.20%,32,1.00%,499,1.20%,391,1.20%,280,1.30%,316,1.10%,7,0.70%,4,1.70%
2017,Oklahoma,Southwest,8885525,1228,1.50%,389,1.40%,342,1.30%,77,0.90%,46,1.30%,47,1.50%,601,1.40%,458,1.40%,294,1.60%,431,1.60%,24,2.40%,4,1.90%
2018,Oklahoma,Southwest,8886025,990,1.30%,295,1.20%,343,1.40%,60,0.80%,30,1.00%,48,1.50%,518,1.30%,409,1.30%,248,1.50%,350,1.40%,18,1.70%,5,2.30%
2019,Oklahoma,Southwest,8882190,753,1.00%,252,1.10%,278,1.20%,55,0.80%,30,1.10%,55,1.60%,452,1.20%,358,1.20%,196,1.30%,250,1.00%,13,1.20%,1,0.50%
2020,Oklahoma,Southwest,9288994,636,0.90%,172,0.80%,251,1.20%,37,0.60%,29,1.20%,58,1.60%,397,1.10%,308,1.10%,164,1.20%,242,1.00%,9,0.90%,2,0.50%
2021,Oklahoma,Southwest,9267130,584,0.90%,172,0.80%,195,0.90%,31,0.50%,23,1.00%,34,1.00%,368,1.00%,283,1.00%,100,0.70%,235,1.00%,6,0.60%,8,1.80%
2009,Oregon,Pacific Coastal,2036802,282,0.30%,59,0.20%,86,0.30%,32,0.30%,11,0.30%,10,0.30%,101,0.30%,77,0.30%,83,0.40%,86,0.40%,5,0.50%,0,0.00%
2010,Oregon,Pacific Coastal,2064552,271,0.30%,60,0.20%,78,0.30%,37,0.30%,13,0.30%,7,0.30%,80,0.20%,60,0.20%,76,0.30%,92,0.40%,9,0.90%,0,0.00%
2011,Oregon,Pacific Coastal,2080450,257,0.30%,65,0.20%,78,0.30%,38,0.30%,6,0.10%,16,0.60%,95,0.30%,71,0.20%,68,0.30%,93,0.40%,6,0.70%,1,0.40%
2012,Oregon,Pacific Coastal,2087309,292,0.30%,51,0.20%,83,0.30%,47,0.40%,17,0.40%,5,0.20%,92,0.20%,66,0.20%,97,0.40%,107,0.40%,3,0.30%,6,2.10%
2013,Oregon,Pacific Coastal,2092273,247,0.30%,47,0.10%,76,0.30%,33,0.30%,16,0.40%,10,0.30%,93,0.20%,60,0.20%,58,0.30%,98,0.40%,2,0.20%,0,0.00%
2014,Oregon,Pacific Coastal,2089568,210,0.20%,40,0.10%,73,0.30%,16,0.20%,11,0.30%,10,0.40%,100,0.30%,77,0.30%,51,0.20%,84,0.30%,3,0.30%,2,0.60%
2015,Oregon,Pacific Coastal,2089291,218,0.20%,53,0.20%,68,0.30%,21,0.20%,16,0.50%,8,0.30%,95,0.30%,69,0.20%,45,0.20%,96,0.40%,3,0.30%,1,0.30%
2016,Oregon,Pacific Coastal,2091630,289,0.30%,45,0.10%,90,0.30%,31,0.30%,16,0.40%,11,0.40%,125,0.30%,76,0.20%,78,0.40%,137,0.50%,1,0.10%,4,1.70%
2017,Oregon,Pacific Coastal,2091784,238,0.30%,36,0.10%,73,0.30%,29,0.30%,11,0.30%,8,0.20%,113,0.20%,71,0.20%,62,0.30%,89,0.30%,2,0.20%,5,2.40%
2018,Oregon,Pacific Coastal,2092741,180,0.20%,27,0.10%,57,0.20%,22,0.30%,15,0.50%,3,0.10%,76,0.20%,55,0.20%,47,0.30%,80,0.30%,5,0.50%,0,0.00%
2019,Oregon,Pacific Coastal,2096829,191,0.30%,35,0.10%,71,0.30%,28,0.40%,12,0.40%,6,0.20%,103,0.30%,74,0.20%,33,0.20%,87,0.40%,5,0.40%,4,1.90%
2020,Oregon,Pacific Coastal,2117522,222,0.30%,48,0.20%,69,0.30%,23,0.40%,7,0.30%,12,0.30%,125,0.30%,78,0.30%,41,0.30%,119,0.50%,3,0.30%,7,1.60%
2021,Oregon,Pacific Coastal,2115877,183,0.30%,51,0.20%,61,0.30%,30,0.50%,15,0.60%,9,0.30%,107,0.30%,74,0.30%,38,0.30%,79,0.30%,5,0.50%,4,0.90%
2009,Pennsylvania,Mid-Atlantic,12666858,3448,3.70%,917,2.70%,1143,4.10%,266,2.40%,105,3.10%,55,1.90%,1268,3.80%,970,3.40%,1050,4.60%,981,4.60%,38,4.00%,0,0.00%
2010,Pennsylvania,Mid-Atlantic,12711160,4708,4.70%,1300,3.60%,1428,4.90%,385,3.40%,172,4.50%,64,2.30%,1642,4.50%,1262,4.10%,1361,5.90%,1487,5.90%,56,5.40%,5,2.50%
2011,Pennsylvania,Mid-Atlantic,12745815,4302,4.30%,1178,3.30%,1290,4.50%,340,2.90%,173,4.20%,75,2.60%,1599,4.30%,1208,3.80%,1174,5.00%,1339,5.20%,32,3.50%,4,1.60%
2012,Pennsylvania,Mid-Atlantic,12767118,4535,4.60%,1214,3.60%,1293,4.30%,318,2.90%,161,4.20%,76,2.90%,1691,4.50%,1253,4.00%,1350,5.90%,1437,5.40%,39,3.60%,3,1.10%
2013,Pennsylvania,Mid-Atlantic,12776309,4390,4.70%,1208,3.70%,1245,4.50%,333,3.10%,183,4.90%,82,2.60%,1715,4.50%,1247,4.00%,1182,5.50%,1357,5.20%,41,4.00%,7,2.10%
2014,Pennsylvania,Mid-Atlantic,12788313,4045,4.60%,1148,3.70%,1102,4.20%,299,3.10%,148,4.20%,77,2.80%,1566,4.10%,1139,3.70%,1086,5.30%,1315,5.20%,27,2.90%,6,1.80%
2015,Pennsylvania,Mid-Atlantic,12784826,4420,5.00%,1215,3.90%,1285,4.90%,303,3.20%,171,4.80%,96,3.50%,1992,5.20%,1409,4.60%,1161,5.60%,1542,6.10%,46,4.90%,3,0.90%
2016,Pennsylvania,Mid-Atlantic,12782275,4564,5.00%,1228,3.80%,1255,4.70%,297,3.00%,173,4.50%,100,3.20%,1964,4.70%,1335,4.00%,1198,5.70%,1646,5.90%,52,4.80%,5,2.10%
2017,Pennsylvania,Mid-Atlantic,12787641,4516,5.40%,1195,4.20%,1293,5.00%,328,4.00%,181,5.30%,110,3.40%,2133,4.50%,1428,4.50%,1118,6.10%,1647,6.10%,59,5.90%,8,3.90%
2018,Pennsylvania,Mid-Atlantic,12800922,4463,5.80%,1179,4.80%,1381,5.60%,327,4.60%,168,5.90%,204,6.40%,2452,6.20%,1640,5.40%,1014,6.00%,1665,6.80%,65,6.10%,5,2.30%
2019,Pennsylvania,Mid-Atlantic,12801989,4312,5.90%,1168,4.90%,1315,5.60%,352,5.00%,165,6.10%,239,7.00%,2436,6.20%,1688,5.60%,1019,6.50%,1679,6.90%,64,5.70%,17,8.10%
2020,Pennsylvania,Mid-Atlantic,13002700,4599,6.80%,1283,5.80%,1469,6.90%,348,5.50%,176,7.30%,294,8.30%,2646,7.00%,1743,6.20%,1089,7.70%,1892,7.80%,69,7.00%,13,3.00%
2021,Pennsylvania,Mid-Atlantic,12964056,3960,5.90%,1187,5.40%,1171,5.50%,288,4.50%,128,5.30%,310,8.70%,2276,6.00%,1483,5.30%,917,6.50%,1718,7.10%,55,5.60%,23,5.20%
2009,Rhode Island,New England,1053646,41,0.00%,14,0.00%,11,0.00%,4,0.00%,1,0.00%,2,0.10%,15,0.00%,10,0.00%,7,0.00%,14,0.10%,0,0.00%,0,0.00%
2010,Rhode Island,New England,1053959,48,0.00%,7,0.00%,21,0.10%,3,0.00%,0,0.00%,1,0.00%,11,0.00%,9,0.00%,20,0.10%,13,0.10%,1,0.10%,1,0.50%
2011,Rhode Island,New England,1053649,64,0.10%,12,0.00%,15,0.10%,4,0.00%,3,0.10%,3,0.10%,17,0.00%,13,0.00%,18,0.10%,22,0.10%,1,0.10%,0,0.00%
2012,Rhode Island,New England,1054621,47,0.00%,15,0.00%,9,0.00%,10,0.10%,1,0.00%,5,0.20%,17,0.00%,12,0.00%,18,0.10%,10,0.00%,0,0.00%,0,0.00%
2013,Rhode Island,New England,1055081,62,0.10%,12,0.00%,23,0.10%,4,0.00%,4,0.10%,3,0.10%,19,0.00%,16,0.10%,20,0.10%,15,0.10%,0,0.00%,0,0.00%
2014,Rhode Island,New England,1055936,57,0.10%,14,0.00%,17,0.10%,6,0.10%,5,0.10%,5,0.20%,21,0.10%,18,0.10%,26,0.10%,16,0.10%,1,0.10%,0,0.00%
2015,Rhode Island,New England,1056065,53,0.10%,16,0.10%,12,0.00%,2,0.00%,1,0.00%,6,0.20%,18,0.00%,12,0.00%,20,0.10%,19,0.10%,0,0.00%,0,0.00%
2016,Rhode Island,New England,1056770,131,0.10%,15,0.00%,19,0.10%,6,0.10%,3,0.10%,5,0.20%,20,0.00%,16,0.00%,83,0.40%,26,0.10%,0,0.00%,1,0.40%
2017,Rhode Island,New England,1055673,37,0.00%,6,0.00%,11,0.00%,3,0.00%,0,0.00%,2,0.10%,11,0.00%,7,0.00%,8,0.00%,17,0.10%,1,0.10%,0,0.00%
2018,Rhode Island,New England,1058287,50,0.10%,9,0.00%,18,0.10%,5,0.10%,2,0.10%,2,0.10%,15,0.00%,13,0.00%,16,0.10%,17,0.10%,2,0.20%,0,0.00%
2019,Rhode Island,New England,1059361,68,0.10%,17,0.10%,17,0.10%,8,0.10%,3,0.10%,6,0.20%,31,0.10%,22,0.10%,21,0.10%,27,0.10%,3,0.30%,1,0.50%
2020,Rhode Island,New England,1097379,46,0.10%,9,0.00%,13,0.10%,7,0.10%,1,0.00%,5,0.10%,21,0.10%,17,0.10%,16,0.10%,20,0.10%,0,0.00%,0,0.00%
2021,Rhode Island,New England,1095610,50,0.10%,15,0.10%,14,0.10%,7,0.10%,3,0.10%,5,0.10%,27,0.10%,23,0.10%,11,0.10%,17,0.10%,1,0.10%,0,0.00%
2009,South Carolina,Southeast,4589872,1061,1.10%,443,1.30%,327,1.20%,93,0.80%,29,0.90%,25,0.80%,390,1.20%,355,1.20%,227,1.00%,200,0.90%,6,0.60%,0,0.00%
2010,South Carolina,Southeast,4635649,1332,1.30%,546,1.50%,395,1.40%,105,0.90%,34,0.90%,23,0.80%,468,1.30%,433,1.40%,274,1.20%,312,1.20%,21,2.00%,3,1.50%
2011,South Carolina,Southeast,4671994,1370,1.40%,584,1.60%,405,1.40%,88,0.70%,37,0.90%,20,0.70%,508,1.40%,463,1.50%,268,1.10%,309,1.20%,20,2.20%,2,0.80%
2012,South Carolina,Southeast,4717354,1232,1.20%,482,1.40%,383,1.30%,84,0.80%,42,1.10%,17,0.60%,478,1.30%,413,1.30%,232,1.00%,264,1.00%,14,1.30%,6,2.10%
2013,South Carolina,Southeast,4764080,1168,1.20%,509,1.50%,319,1.20%,74,0.70%,32,0.90%,22,0.70%,474,1.20%,405,1.30%,271,1.30%,283,1.10%,9,0.90%,2,0.60%
2014,South Carolina,Southeast,4823617,1118,1.30%,417,1.30%,363,1.40%,62,0.60%,33,0.90%,20,0.70%,483,1.30%,415,1.30%,228,1.10%,289,1.10%,20,2.10%,5,1.50%
2015,South Carolina,Southeast,4891938,1278,1.40%,545,1.80%,373,1.40%,51,0.50%,42,1.20%,19,0.70%,558,1.50%,468,1.50%,245,1.20%,367,1.40%,23,2.50%,1,0.30%
2016,South Carolina,Southeast,4957968,1296,1.40%,546,1.70%,392,1.50%,52,0.50%,39,1.00%,41,1.30%,617,1.50%,495,1.50%,266,1.30%,366,1.30%,14,1.30%,2,0.80%
2017,South Carolina,Southeast,5021268,1167,1.40%,454,1.60%,367,1.40%,62,0.70%,36,1.00%,38,1.20%,604,1.50%,473,1.50%,210,1.10%,330,1.20%,27,2.70%,2,1.00%
2018,South Carolina,Southeast,5084156,1165,1.50%,403,1.60%,398,1.60%,55,0.80%,24,0.80%,18,0.60%,653,1.70%,509,1.70%,205,1.20%,356,1.40%,22,2.10%,2,0.90%
2019,South Carolina,Southeast,5148714,1008,1.40%,360,1.50%,347,1.50%,55,0.80%,32,1.20%,25,0.70%,588,1.50%,481,1.60%,166,1.10%,299,1.20%,17,1.50%,1,0.50%
2020,South Carolina,Southeast,5118425,1004,1.50%,381,1.70%,311,1.50%,48,0.80%,22,0.90%,22,0.60%,586,1.60%,449,1.60%,149,1.10%,288,1.20%,12,1.20%,0,0.00%
2021,South Carolina,Southeast,5190705,1007,1.50%,402,1.80%,302,1.40%,65,1.00%,34,1.40%,35,1.00%,574,1.50%,426,1.50%,176,1.20%,344,1.40%,10,1.00%,2,0.50%
2009,South Dakota,Midwest,807067,37,0.00%,12,0.00%,10,0.00%,3,0.00%,3,0.10%,1,0.00%,17,0.10%,12,0.00%,14,0.10%,10,0.00%,3,0.30%,0,0.00%
2010,South Dakota,Midwest,816166,61,0.10%,20,0.10%,18,0.10%,9,0.10%,1,0.00%,2,0.10%,34,0.10%,21,0.10%,20,0.10%,30,0.10%,3,0.30%,0,0.00%
2011,South Dakota,Midwest,823579,67,0.10%,24,0.10%,16,0.10%,21,0.20%,8,0.20%,0,0.00%,32,0.10%,20,0.10%,25,0.10%,24,0.10%,1,0.10%,0,0.00%
2012,South Dakota,Midwest,833566,63,0.10%,18,0.10%,14,0.00%,9,0.10%,4,0.10%,1,0.00%,28,0.10%,20,0.10%,24,0.10%,22,0.10%,2,0.20%,0,0.00%
2013,South Dakota,Midwest,842316,62,0.10%,18,0.10%,17,0.10%,8,0.10%,0,0.00%,2,0.10%,22,0.10%,17,0.10%,21,0.10%,20,0.10%,2,0.20%,0,0.00%
2014,South Dakota,Midwest,849129,72,0.10%,14,0.00%,16,0.10%,5,0.10%,3,0.10%,2,0.10%,42,0.10%,25,0.10%,22,0.10%,27,0.10%,1,0.10%,0,0.00%
2015,South Dakota,Midwest,853988,64,0.10%,11,0.00%,22,0.10%,2,0.00%,4,0.10%,3,0.10%,42,0.10%,23,0.10%,19,0.10%,29,0.10%,1,0.10%,0,0.00%
2016,South Dakota,Midwest,862996,54,0.10%,17,0.10%,20,0.10%,6,0.10%,5,0.10%,2,0.10%,29,0.10%,21,0.10%,13,0.10%,23,0.10%,1,0.10%,1,0.40%
2017,South Dakota,Midwest,872868,70,0.10%,20,0.10%,22,0.10%,9,0.10%,4,0.10%,0,0.00%,49,0.10%,29,0.10%,13,0.10%,29,0.10%,5,0.50%,1,0.50%
2018,South Dakota,Midwest,878698,48,0.10%,14,0.10%,12,0.00%,1,0.00%,1,0.00%,3,0.10%,30,0.10%,18,0.10%,19,0.10%,16,0.10%,3,0.30%,0,0.00%
2019,South Dakota,Midwest,884659,49,0.10%,18,0.10%,20,0.10%,7,0.10%,1,0.00%,3,0.10%,32,0.10%,19,0.10%,14,0.10%,17,0.10%,0,0.00%,0,0.00%
2020,South Dakota,Midwest,886667,67,0.10%,12,0.10%,26,0.10%,6,0.10%,3,0.10%,2,0.10%,42,0.10%,28,0.10%,18,0.10%,30,0.10%,3,0.30%,0,0.00%
2021,South Dakota,Midwest,895376,83,0.10%,16,0.10%,33,0.20%,5,0.10%,0,0.00%,1,0.00%,54,0.10%,39,0.10%,16,0.10%,34,0.10%,4,0.40%,0,0.00%
2009,Tennessee,Southeast,6306019,3530,3.80%,1465,4.40%,1061,3.80%,167,1.50%,105,3.10%,102,3.50%,1250,3.70%,1095,3.80%,809,3.60%,760,3.50%,23,2.40%,0,0.00%
2010,Tennessee,Southeast,6355311,3608,3.60%,1516,4.20%,1062,3.70%,192,1.70%,125,3.30%,105,3.80%,1270,3.50%,1085,3.50%,782,3.40%,890,3.50%,50,4.80%,7,3.50%
2011,Tennessee,Southeast,6399291,3307,3.30%,1314,3.70%,965,3.40%,225,1.90%,102,2.50%,66,2.30%,1299,3.50%,1138,3.60%,660,2.80%,785,3.00%,41,4.50%,12,4.90%
2012,Tennessee,Southeast,6453898,3280,3.30%,1276,3.80%,998,3.30%,158,1.50%,121,3.20%,56,2.10%,1286,3.40%,1115,3.60%,733,3.20%,808,3.10%,35,3.20%,6,2.10%
2013,Tennessee,Southeast,6494340,2988,3.20%,1121,3.40%,912,3.30%,122,1.10%,88,2.40%,50,1.60%,1220,3.20%,1021,3.20%,589,2.80%,813,3.10%,33,3.20%,7,2.10%
2014,Tennessee,Southeast,6541223,3221,3.60%,1361,4.40%,948,3.60%,150,1.60%,79,2.20%,79,2.90%,1283,3.40%,1044,3.40%,594,2.90%,844,3.30%,33,3.50%,7,2.10%
2015,Tennessee,Southeast,6591170,2726,3.10%,1052,3.40%,863,3.30%,157,1.60%,80,2.30%,70,2.50%,1243,3.30%,973,3.20%,556,2.70%,811,3.20%,41,4.40%,5,1.50%
2016,Tennessee,Southeast,6646010,2740,3.00%,1022,3.20%,931,3.50%,131,1.30%,79,2.10%,68,2.20%,1329,3.20%,1065,3.20%,545,2.60%,861,3.10%,45,4.20%,5,2.10%
2017,Tennessee,Southeast,6708799,2640,3.10%,970,3.40%,815,3.20%,112,1.30%,95,2.80%,61,1.90%,1318,3.30%,1060,3.30%,528,2.90%,808,3.00%,34,3.40%,3,1.50%
2018,Tennessee,Southeast,6771631,2331,3.10%,834,3.40%,787,3.20%,84,1.20%,78,2.70%,73,2.30%,1176,3.00%,938,3.10%,452,2.70%,725,2.90%,30,2.80%,4,1.80%
2019,Tennessee,Southeast,6829174,2393,3.30%,889,3.70%,812,3.50%,124,1.80%,74,2.70%,85,2.50%,1368,3.50%,1065,3.50%,523,3.40%,769,3.20%,39,3.50%,3,1.40%
2020,Tennessee,Southeast,6910840,2359,3.50%,880,4.00%,760,3.60%,122,1.90%,82,3.40%,112,3.10%,1372,3.60%,1038,3.70%,463,3.30%,777,3.20%,40,4.10%,5,1.10%
2021,Tennessee,Southeast,6975218,2256,3.30%,863,3.90%,712,3.30%,119,1.90%,69,2.90%,104,2.90%,1276,3.40%,972,3.50%,488,3.40%,819,3.40%,37,3.80%,12,2.70%
2009,Texas,Southwest,24801761,8748,9.40%,2934,8.70%,2833,10.10%,1395,12.50%,269,7.90%,289,9.80%,3415,10.20%,3017,10.40%,2110,9.30%,1852,8.60%,106,11.30%,0,0.00%
2010,Texas,Southwest,25241971,9310,9.30%,3142,8.80%,2835,9.80%,1354,12.00%,304,8.00%,261,9.40%,3638,10.00%,3162,10.20%,2182,9.40%,2085,8.30%,85,8.10%,8,4.00%
2011,Texas,Southwest,25645629,9952,10.00%,3610,10.20%,2925,10.30%,1745,14.70%,622,15.00%,265,9.40%,4080,10.90%,3569,11.40%,2121,9.00%,2335,9.10%,82,8.90%,19,7.80%
2012,Texas,Southwest,26084481,8929,9.00%,3037,9.10%,2738,9.00%,1303,12.00%,299,7.80%,296,11.10%,3730,9.90%,3156,10.10%,2001,8.80%,2246,8.50%,94,8.70%,20,7.10%
2013,Texas,Southwest,26480266,9068,9.70%,3167,9.60%,2849,10.30%,1388,13.00%,303,8.10%,355,11.30%,3816,9.90%,3248,10.30%,2029,9.50%,2364,9.10%,103,10.10%,15,4.50%
2014,Texas,Southwest,26964333,8035,9.10%,2913,9.40%,2564,9.90%,1093,11.40%,300,8.50%,330,12.00%,3708,9.80%,3133,10.20%,1889,9.20%,2123,8.40%,101,10.80%,13,3.90%
2015,Texas,Southwest,27470056,9539,10.70%,3353,10.80%,2869,11.00%,1232,12.90%,311,8.80%,427,15.50%,4642,12.20%,3810,12.40%,1956,9.50%,2761,10.90%,104,11.10%,23,6.90%
2016,Texas,Southwest,27914410,9308,10.20%,3244,10.00%,2765,10.30%,1190,12.10%,358,9.40%,403,13.00%,4633,11.00%,3692,11.20%,2000,9.60%,2775,9.90%,90,8.40%,24,10.10%
2017,Texas,Southwest,28295273,8827,10.50%,2999,10.50%,2740,10.70%,1115,13.40%,317,9.20%,483,14.90%,4740,11.60%,3730,11.60%,1975,10.70%,2642,9.80%,98,9.80%,32,15.50%
2018,Texas,Southwest,28628666,7482,9.80%,2254,9.20%,2347,9.50%,914,12.90%,270,9.40%,408,12.90%,4228,10.70%,3217,10.50%,1744,10.30%,2333,9.50%,95,8.90%,18,8.20%
2019,Texas,Southwest,28995881,7448,10.20%,2314,9.70%,2401,10.20%,827,11.80%,236,8.70%,383,11.20%,4146,10.60%,3193,10.60%,1633,10.50%,2354,9.70%,140,12.50%,20,9.60%
2020,Texas,Southwest,29145505,6876,10.20%,2158,9.80%,2109,9.90%,836,13.10%,205,8.50%,417,11.70%,3913,10.40%,2943,10.50%,1514,10.70%,2358,9.70%,86,8.80%,11,2.50%
2021,Texas,Southwest,29527941,6508,9.60%,2068,9.40%,1991,9.30%,832,13.00%,201,8.40%,432,12.10%,3768,10.00%,2782,9.90%,1454,10.30%,2385,9.80%,82,8.40%,15,3.40%
2009,Utah,The Rocky Mountains,2723421,107,0.10%,21,0.10%,44,0.20%,11,0.10%,7,0.20%,5,0.20%,48,0.10%,43,0.10%,31,0.10%,34,0.20%,4,0.40%,0,0.00%
2010,Utah,The Rocky Mountains,2775332,204,0.20%,34,0.10%,59,0.20%,30,0.30%,18,0.50%,2,0.10%,87,0.20%,65,0.20%,67,0.30%,62,0.20%,4,0.40%,1,0.50%
2011,Utah,The Rocky Mountains,2814384,215,0.20%,37,0.10%,75,0.30%,25,0.20%,25,0.60%,3,0.10%,95,0.30%,64,0.20%,58,0.20%,70,0.30%,3,0.30%,0,0.00%
2012,Utah,The Rocky Mountains,2853375,247,0.20%,32,0.10%,100,0.30%,18,0.20%,14,0.40%,5,0.20%,95,0.30%,64,0.20%,54,0.20%,85,0.30%,4,0.40%,0,0.00%
2013,Utah,The Rocky Mountains,2897640,270,0.30%,38,0.10%,103,0.40%,26,0.20%,28,0.80%,6,0.20%,105,0.30%,72,0.20%,85,0.40%,91,0.40%,4,0.40%,0,0.00%
2014,Utah,The Rocky Mountains,2936879,317,0.40%,46,0.10%,82,0.30%,94,1.00%,37,1.00%,4,0.10%,136,0.40%,96,0.30%,72,0.30%,99,0.40%,2,0.20%,0,0.00%
2015,Utah,The Rocky Mountains,2981835,281,0.30%,48,0.20%,110,0.40%,36,0.40%,30,0.80%,6,0.20%,150,0.40%,106,0.30%,62,0.30%,110,0.40%,9,1.00%,2,0.60%
2016,Utah,The Rocky Mountains,3041868,259,0.30%,38,0.10%,84,0.30%,23,0.20%,18,0.50%,3,0.10%,140,0.30%,80,0.20%,55,0.30%,120,0.40%,5,0.50%,0,0.00%
2017,Utah,The Rocky Mountains,3101042,264,0.30%,30,0.10%,101,0.40%,30,0.40%,28,0.80%,6,0.20%,135,0.30%,82,0.30%,52,0.30%,124,0.50%,6,0.60%,0,0.00%
2018,Utah,The Rocky Mountains,3153550,233,0.30%,41,0.20%,79,0.30%,23,0.30%,22,0.80%,12,0.40%,114,0.30%,78,0.30%,59,0.30%,93,0.40%,7,0.70%,0,0.00%
2019,Utah,The Rocky Mountains,3205958,218,0.30%,35,0.10%,87,0.40%,24,0.30%,15,0.60%,12,0.40%,127,0.30%,81,0.30%,42,0.30%,98,0.40%,5,0.40%,0,0.00%
2020,Utah,The Rocky Mountains,3271616,245,0.40%,44,0.20%,76,0.40%,23,0.40%,14,0.60%,16,0.40%,154,0.40%,93,0.30%,52,0.40%,116,0.50%,9,0.90%,1,0.20%
2021,Utah,The Rocky Mountains,3337975,240,0.40%,44,0.20%,67,0.30%,24,0.40%,13,0.50%,9,0.30%,148,0.40%,81,0.30%,49,0.30%,121,0.50%,5,0.50%,1,0.20%
2009,Vermont,New England,624817,16,0.00%,5,0.00%,1,0.00%,3,0.00%,1,0.00%,3,0.10%,0,0.00%,0,0.00%,7,0.00%,4,0.00%,0,0.00%,0,0.00%
2010,Vermont,New England,625879,32,0.00%,9,0.00%,12,0.00%,3,0.00%,0,0.00%,2,0.10%,14,0.00%,12,0.00%,9,0.00%,7,0.00%,0,0.00%,0,0.00%
2011,Vermont,New England,627049,35,0.00%,7,0.00%,12,0.00%,1,0.00%,7,0.20%,2,0.10%,12,0.00%,12,0.00%,7,0.00%,13,0.10%,2,0.20%,0,0.00%
2012,Vermont,New England,626090,34,0.00%,5,0.00%,10,0.00%,2,0.00%,0,0.00%,4,0.20%,15,0.00%,9,0.00%,7,0.00%,17,0.10%,0,0.00%,0,0.00%
2013,Vermont,New England,626210,31,0.00%,4,0.00%,14,0.10%,7,0.10%,3,0.10%,1,0.00%,10,0.00%,10,0.00%,10,0.00%,8,0.00%,0,0.00%,0,0.00%
2014,Vermont,New England,625214,40,0.00%,6,0.00%,15,0.10%,7,0.10%,5,0.10%,4,0.10%,13,0.00%,13,0.00%,14,0.10%,17,0.10%,1,0.10%,1,0.30%
2015,Vermont,New England,625216,45,0.10%,11,0.00%,11,0.00%,3,0.00%,1,0.00%,2,0.10%,12,0.00%,12,0.00%,11,0.10%,20,0.10%,0,0.00%,1,0.30%
2016,Vermont,New England,623657,29,0.00%,7,0.00%,8,0.00%,1,0.00%,2,0.10%,1,0.00%,9,0.00%,7,0.00%,6,0.00%,15,0.10%,0,0.00%,0,0.00%
2017,Vermont,New England,624344,46,0.10%,8,0.00%,16,0.10%,3,0.00%,3,0.10%,4,0.10%,18,0.00%,11,0.00%,14,0.10%,27,0.10%,2,0.20%,0,0.00%
2018,Vermont,New England,624358,25,0.00%,3,0.00%,14,0.10%,0,0.00%,2,0.10%,1,0.00%,11,0.00%,8,0.00%,9,0.10%,10,0.00%,2,0.20%,0,0.00%
2019,Vermont,New England,623989,36,0.00%,6,0.00%,8,0.00%,2,0.00%,1,0.00%,3,0.10%,14,0.00%,9,0.00%,11,0.10%,17,0.10%,1,0.10%,1,0.50%
2020,Vermont,New England,643077,31,0.00%,8,0.00%,17,0.10%,5,0.10%,1,0.00%,5,0.10%,19,0.10%,17,0.10%,6,0.00%,12,0.00%,1,0.10%,0,0.00%
2021,Vermont,New England,645570,41,0.10%,10,0.00%,14,0.10%,3,0.00%,2,0.10%,8,0.20%,24,0.10%,17,0.10%,6,0.00%,16,0.10%,1,0.10%,3,0.70%
2009,Virginia,Mid-Atlantic,7925937,3216,3.40%,1298,3.90%,970,3.50%,331,3.00%,133,3.90%,77,2.60%,1024,3.00%,909,3.10%,704,3.10%,672,3.10%,38,4.00%,0,0.00%
2010,Virginia,Mid-Atlantic,8023699,3146,3.10%,1243,3.50%,905,3.10%,290,2.60%,126,3.30%,62,2.20%,975,2.70%,843,2.70%,677,2.90%,770,3.10%,31,3.00%,6,3.00%
2011,Virginia,Mid-Atlantic,8101155,3181,3.20%,1280,3.60%,953,3.30%,310,2.60%,130,3.10%,91,3.20%,1110,3.00%,966,3.10%,692,2.90%,770,3.00%,25,2.70%,7,2.90%
2012,Virginia,Mid-Atlantic,8185080,3201,3.20%,1161,3.50%,951,3.10%,307,2.80%,118,3.10%,79,3.00%,1118,3.00%,960,3.10%,673,2.90%,845,3.20%,32,3.00%,9,3.20%
2013,Virginia,Mid-Atlantic,8252427,3095,3.30%,1177,3.60%,947,3.40%,338,3.20%,135,3.60%,94,3.00%,1207,3.10%,1018,3.20%,624,2.90%,826,3.20%,38,3.70%,8,2.40%
2014,Virginia,Mid-Atlantic,8310993,3051,3.40%,1155,3.70%,927,3.60%,276,2.90%,128,3.60%,99,3.60%,1307,3.40%,1100,3.60%,600,2.90%,767,3.00%,34,3.60%,14,4.20%
2015,Virginia,Mid-Atlantic,8361808,2844,3.20%,1068,3.40%,868,3.30%,253,2.60%,122,3.40%,99,3.60%,1182,3.10%,993,3.20%,593,2.90%,786,3.10%,41,4.40%,8,2.40%
2016,Virginia,Mid-Atlantic,8410106,2945,3.20%,1069,3.30%,881,3.30%,261,2.70%,135,3.50%,109,3.50%,1242,3.00%,1025,3.10%,583,2.80%,921,3.30%,38,3.50%,13,5.50%
2017,Virginia,Mid-Atlantic,8463587,2730,3.20%,966,3.40%,818,3.20%,228,2.70%,105,3.10%,91,2.80%,1201,3.10%,987,3.10%,518,2.80%,864,3.20%,36,3.60%,10,4.90%
2018,Virginia,Mid-Atlantic,8501286,2594,3.40%,875,3.60%,814,3.30%,215,3.00%,102,3.60%,62,2.00%,1113,2.80%,912,3.00%,534,3.20%,819,3.30%,46,4.30%,5,2.30%
2019,Virginia,Mid-Atlantic,8535519,2265,3.10%,767,3.20%,753,3.20%,188,2.70%,99,3.60%,78,2.30%,1055,2.70%,841,2.80%,444,2.90%,757,3.10%,42,3.80%,7,3.30%
2020,Virginia,Mid-Atlantic,8631393,1974,2.90%,676,3.10%,657,3.10%,192,3.00%,68,2.80%,105,2.90%,993,2.60%,775,2.80%,352,2.50%,714,2.90%,51,5.20%,5,1.10%
2021,Virginia,Mid-Atlantic,8642274,1827,2.70%,667,3.00%,526,2.50%,156,2.40%,69,2.90%,119,3.30%,939,2.50%,691,2.50%,339,2.40%,655,2.70%,43,4.40%,3,0.70%
2009,Washington,Pacific Coastal,6667426,1299,1.40%,371,1.10%,369,1.30%,180,1.60%,50,1.50%,57,1.90%,480,1.40%,385,1.30%,358,1.60%,405,1.90%,19,2.00%,0,0.00%
2010,Washington,Pacific Coastal,6742830,1247,1.20%,357,1.00%,368,1.30%,166,1.50%,66,1.70%,52,1.90%,507,1.40%,409,1.30%,335,1.40%,395,1.60%,17,1.60%,0,0.00%
2011,Washington,Pacific Coastal,6826627,1346,1.30%,432,1.20%,370,1.30%,225,1.90%,110,2.60%,75,2.60%,520,1.40%,401,1.30%,355,1.50%,436,1.70%,15,1.60%,1,0.40%
2012,Washington,Pacific Coastal,6897058,1190,1.20%,325,1.00%,359,1.20%,175,1.60%,100,2.60%,39,1.50%,491,1.30%,367,1.20%,326,1.40%,422,1.60%,10,0.90%,5,1.80%
2013,Washington,Pacific Coastal,6963985,1285,1.40%,366,1.10%,425,1.50%,153,1.40%,112,3.00%,55,1.70%,566,1.50%,425,1.40%,365,1.70%,485,1.90%,12,1.20%,39,11.70%
2014,Washington,Pacific Coastal,7054655,1159,1.30%,352,1.10%,352,1.40%,141,1.50%,56,1.60%,67,2.40%,541,1.40%,407,1.30%,334,1.60%,423,1.70%,9,1.00%,4,1.20%
2015,Washington,Pacific Coastal,7163657,1243,1.40%,400,1.30%,351,1.30%,182,1.90%,73,2.10%,54,2.00%,576,1.50%,433,1.40%,350,1.70%,433,1.70%,11,1.20%,1,0.30%
2016,Washington,Pacific Coastal,7294771,1369,1.50%,419,1.30%,442,1.60%,179,1.80%,76,2.00%,54,1.70%,658,1.60%,495,1.50%,331,1.60%,477,1.70%,14,1.30%,4,1.70%
2017,Washington,Pacific Coastal,7423362,1198,1.40%,384,1.30%,361,1.40%,150,1.80%,75,2.20%,72,2.20%,616,1.40%,458,1.40%,305,1.70%,446,1.70%,19,1.90%,7,3.40%
2018,Washington,Pacific Coastal,7523869,1135,1.50%,318,1.30%,391,1.60%,143,2.00%,53,1.90%,55,1.70%,613,1.60%,457,1.50%,304,1.80%,423,1.70%,27,2.50%,4,1.80%
2019,Washington,Pacific Coastal,7614893,1091,1.50%,330,1.40%,348,1.50%,146,2.10%,59,2.20%,51,1.50%,564,1.40%,459,1.50%,270,1.70%,400,1.70%,13,1.20%,1,0.50%
2020,Washington,Pacific Coastal,7705281,1004,1.50%,314,1.40%,318,1.50%,128,2.00%,44,1.80%,64,1.80%,592,1.60%,435,1.60%,255,1.80%,406,1.70%,17,1.70%,6,1.40%
2021,Washington,Pacific Coastal,7738692,871,1.30%,308,1.40%,309,1.40%,131,2.10%,50,2.10%,76,2.10%,544,1.40%,422,1.50%,207,1.50%,345,1.40%,11,1.10%,6,1.40%
2009,West Virginia,Mid-Atlantic,1847775,133,0.10%,28,0.10%,34,0.10%,2,0.00%,8,0.20%,0,0.00%,36,0.10%,26,0.10%,49,0.20%,55,0.30%,3,0.30%,0,0.00%
2010,West Virginia,Mid-Atlantic,1854239,182,0.20%,35,0.10%,56,0.20%,8,0.10%,7,0.20%,0,0.00%,55,0.20%,45,0.10%,58,0.20%,82,0.30%,15,1.40%,0,0.00%
2011,West Virginia,Mid-Atlantic,1856301,142,0.10%,38,0.10%,36,0.10%,3,0.00%,3,0.10%,2,0.10%,50,0.10%,42,0.10%,44,0.20%,47,0.20%,1,0.10%,0,0.00%
2012,West Virginia,Mid-Atlantic,1856872,165,0.20%,29,0.10%,67,0.20%,16,0.10%,7,0.20%,1,0.00%,62,0.20%,48,0.20%,49,0.20%,57,0.20%,1,0.10%,0,0.00%
2013,West Virginia,Mid-Atlantic,1853914,131,0.10%,41,0.10%,37,0.10%,7,0.10%,9,0.20%,3,0.10%,39,0.10%,34,0.10%,38,0.20%,40,0.20%,5,0.50%,0,0.00%
2014,West Virginia,Mid-Atlantic,1849489,153,0.20%,19,0.10%,40,0.20%,9,0.10%,5,0.10%,0,0.00%,52,0.10%,39,0.10%,54,0.30%,68,0.30%,1,0.10%,0,0.00%
2015,West Virginia,Mid-Atlantic,1842050,127,0.10%,28,0.10%,41,0.20%,6,0.10%,3,0.10%,0,0.00%,34,0.10%,20,0.10%,32,0.20%,50,0.20%,2,0.20%,0,0.00%
2016,West Virginia,Mid-Atlantic,1831023,114,0.10%,33,0.10%,43,0.20%,5,0.10%,5,0.10%,1,0.00%,37,0.10%,24,0.10%,34,0.20%,38,0.10%,3,0.30%,0,0.00%
2017,West Virginia,Mid-Atlantic,1817004,125,0.10%,30,0.10%,37,0.10%,7,0.10%,7,0.20%,1,0.00%,45,0.10%,34,0.10%,34,0.20%,48,0.20%,0,0.00%,0,0.00%
2018,West Virginia,Mid-Atlantic,1804291,112,0.10%,24,0.10%,34,0.10%,3,0.00%,5,0.20%,3,0.10%,40,0.10%,30,0.10%,27,0.20%,43,0.20%,2,0.20%,0,0.00%
2019,West Virginia,Mid-Atlantic,1792147,86,0.10%,19,0.10%,24,0.10%,4,0.10%,2,0.10%,5,0.10%,37,0.10%,25,0.10%,26,0.20%,34,0.10%,3,0.30%,0,0.00%
2020,West Virginia,Mid-Atlantic,1793716,154,0.20%,31,0.10%,41,0.20%,8,0.10%,7,0.30%,3,0.10%,62,0.20%,40,0.10%,36,0.30%,65,0.30%,1,0.10%,0,0.00%
2021,West Virginia,Mid-Atlantic,1782959,127,0.20%,33,0.10%,34,0.20%,9,0.10%,2,0.10%,9,0.30%,48,0.10%,27,0.10%,30,0.20%,48,0.20%,3,0.30%,0,0.00%
2009,Wisconsin,Midwest,5669264,1177,1.30%,385,1.10%,302,1.10%,127,1.10%,28,0.80%,31,1.10%,312,0.90%,267,0.90%,292,1.30%,312,1.50%,11,1.20%,0,0.00%
2010,Wisconsin,Midwest,5690475,1049,1.00%,363,1.00%,220,0.80%,74,0.70%,31,0.80%,18,0.60%,305,0.80%,253,0.80%,223,1.00%,324,1.30%,16,1.50%,1,0.50%
2011,Wisconsin,Midwest,5705288,993,1.00%,403,1.10%,258,0.90%,62,0.50%,30,0.70%,48,1.70%,244,0.70%,215,0.70%,224,1.00%,327,1.30%,8,0.90%,6,2.40%
2012,Wisconsin,Midwest,5719960,1067,1.10%,382,1.10%,284,0.90%,69,0.60%,30,0.80%,15,0.60%,298,0.80%,240,0.80%,199,0.90%,336,1.30%,10,0.90%,2,0.70%
2013,Wisconsin,Midwest,5736754,944,1.00%,348,1.10%,236,0.90%,57,0.50%,30,0.80%,20,0.60%,300,0.80%,239,0.80%,227,1.10%,295,1.10%,8,0.80%,3,0.90%
2014,Wisconsin,Midwest,5751525,968,1.10%,374,1.20%,218,0.80%,61,0.60%,34,1.00%,13,0.50%,304,0.80%,238,0.80%,212,1.00%,280,1.10%,12,1.30%,2,0.60%
2015,Wisconsin,Midwest,5760940,945,1.10%,330,1.10%,250,1.00%,63,0.70%,46,1.30%,17,0.60%,302,0.80%,241,0.80%,214,1.00%,300,1.20%,13,1.40%,1,0.30%
2016,Wisconsin,Midwest,5772628,1096,1.20%,399,1.20%,273,1.00%,109,1.10%,53,1.40%,26,0.80%,380,0.90%,311,0.90%,220,1.10%,336,1.20%,10,0.90%,4,1.70%
2017,Wisconsin,Midwest,5790186,932,1.10%,357,1.30%,242,0.90%,55,0.70%,34,1.00%,25,0.80%,370,0.80%,272,0.80%,210,1.10%,309,1.20%,11,1.10%,1,0.50%
2018,Wisconsin,Midwest,5807406,938,1.20%,315,1.30%,271,1.10%,63,0.90%,31,1.10%,34,1.10%,427,1.10%,339,1.10%,194,1.10%,317,1.30%,14,1.30%,0,0.00%
2019,Wisconsin,Midwest,5822434,897,1.20%,329,1.40%,241,1.00%,77,1.10%,26,1.00%,47,1.40%,378,1.00%,294,1.00%,199,1.30%,293,1.20%,7,0.60%,0,0.00%
2020,Wisconsin,Midwest,5893718,850,1.30%,310,1.40%,234,1.10%,61,1.00%,28,1.20%,44,1.20%,395,1.00%,291,1.00%,171,1.20%,348,1.40%,7,0.70%,3,0.70%
2021,Wisconsin,Midwest,5895908,737,1.10%,286,1.30%,185,0.90%,53,0.80%,27,1.10%,44,1.20%,336,0.90%,242,0.90%,128,0.90%,303,1.20%,10,1.00%,1,0.20%
2009,Wyoming,The Rocky Mountains,559851,46,0.00%,8,0.00%,19,0.10%,5,0.00%,4,0.10%,4,0.10%,13,0.00%,13,0.00%,11,0.00%,11,0.10%,0,0.00%,0,0.00%
2010,Wyoming,The Rocky Mountains,564487,40,0.00%,1,0.00%,22,0.10%,2,0.00%,2,0.10%,0,0.00%,12,0.00%,10,0.00%,4,0.00%,19,0.10%,2,0.20%,0,0.00%
2011,Wyoming,The Rocky Mountains,567299,57,0.10%,9,0.00%,21,0.10%,3,0.00%,0,0.00%,2,0.10%,22,0.10%,14,0.00%,13,0.10%,18,0.10%,2,0.20%,0,0.00%
2012,Wyoming,The Rocky Mountains,576305,95,0.10%,14,0.00%,36,0.10%,9,0.10%,6,0.20%,2,0.10%,47,0.10%,37,0.10%,30,0.10%,31,0.10%,1,0.10%,1,0.40%
2013,Wyoming,The Rocky Mountains,582122,65,0.10%,15,0.00%,19,0.10%,8,0.10%,3,0.10%,0,0.00%,30,0.10%,22,0.10%,18,0.10%,24,0.10%,3,0.30%,0,0.00%
2014,Wyoming,The Rocky Mountains,582531,69,0.10%,14,0.00%,29,0.10%,6,0.10%,2,0.10%,4,0.10%,30,0.10%,22,0.10%,20,0.10%,25,0.10%,3,0.30%,0,0.00%
2015,Wyoming,The Rocky Mountains,585613,46,0.10%,9,0.00%,24,0.10%,5,0.10%,4,0.10%,2,0.10%,25,0.10%,22,0.10%,8,0.00%,11,0.00%,0,0.00%,0,0.00%
2016,Wyoming,The Rocky Mountains,584215,55,0.10%,6,0.00%,21,0.10%,4,0.00%,2,0.10%,1,0.00%,21,0.00%,12,0.00%,12,0.10%,22,0.10%,3,0.30%,0,0.00%
2017,Wyoming,The Rocky Mountains,578931,30,0.00%,5,0.00%,13,0.10%,3,0.00%,2,0.10%,1,0.00%,11,0.00%,8,0.00%,7,0.00%,8,0.00%,1,0.10%,0,0.00%
2018,Wyoming,The Rocky Mountains,577601,21,0.00%,2,0.00%,7,0.00%,2,0.00%,3,0.10%,1,0.00%,10,0.00%,5,0.00%,8,0.00%,10,0.00%,1,0.10%,0,0.00%
2019,Wyoming,The Rocky Mountains,578759,36,0.00%,5,0.00%,13,0.10%,1,0.00%,0,0.00%,1,0.00%,20,0.10%,15,0.00%,12,0.10%,15,0.10%,1,0.10%,0,0.00%
2020,Wyoming,The Rocky Mountains,576851,42,0.10%,6,0.00%,18,0.10%,6,0.10%,3,0.10%,1,0.00%,24,0.10%,15,0.10%,13,0.10%,16,0.10%,1,0.10%,1,0.20%
2021,Wyoming,The Rocky Mountains,578803,33,0.00%,9,0.00%,6,0.00%,3,0.00%,2,0.10%,2,0.10%,21,0.10%,10,0.00%,10,0.10%,14,0.10%,0,0.00%,0,0.00%
